Column1;Sequence_base;Base Sequence;Protein Groups_base;Intensity_2020-07-14_MS_PG_Proteome_Davide_Casserini_CTRL_01_20200717061234_base;Intensity_2020-07-14_MS_PG_Proteome_Davide_Casserini_CTRL_02_20200717083719_base;Intensity_2020-07-14_MS_PG_Proteome_Davide_Casserini_CTRL_03_20200717110239_base;Unnamed: 17_base;Counts_base;median_base;Sequence_modified;Protein Groups_modified;Intensity_2020-07-14_MS_PG_Proteome_Davide_Casserini_CTRL_01_20200717061234_modified;Intensity_2020-07-14_MS_PG_Proteome_Davide_Casserini_CTRL_02_20200717083719_modified;Intensity_2020-07-14_MS_PG_Proteome_Davide_Casserini_CTRL_03_20200717110239_modified;Unnamed: 17_modified;Counts_modified;sepcounts;modifications;median_modified;Proportion;position;matched_peptide;proteins;UP_acc;RSA
0;AAFNSGKnan;AAFNSGK;G3P_HUMAN;6,19203E+15;6,2958E+15;6,22194E+15;;20;6,22194E+15;AAFNSGK3|[35]Oxidation[F];G3P_HUMAN;3,86117E+15;2,27793E+14;3,40605E+16;;2;1;[35]Oxidation[F];3,40605E+16;3,53765E+15;3;AAFNSGK;G3P_HUMAN((21-28))((P04406));P04406;0.14213197969543148
11;AASDIAMTELPPTHPIRnan;AASDIAMTELPPTHPIR;1433E_HUMAN;5,25176E+15;4,75697E+15;5,0798E+15;;20;5,0798E+15;AASDIAMTELPPTHPIR7|[35]oxidation[M];1433E_HUMAN;6,11469E+14;6,15379E+15;6,17522E+15;;2;1;[35]oxidation[M];6,15379E+15;5,47802E+15;7;AASDIAMTELPPTHPIR;1433E_HUMAN((154-171))((P62258));P62258;0.6914893617021277
52;AAYSFYNVHTQTPLLDLMSDALVLAKnan;AAYSFYNVHTQTPLLDLMSDALVLAK;NMT1_HUMAN;4,11452E+15;3,14135E+15;4,36599E+15;;20;4,11452E+15;AAYSFYNVHTQTPLLDLMSDALVLAK18|[35]oxidation[M];NMT1_HUMAN;4,43889E+15;4,298E+15;5,04206E+15;;2;1;[35]oxidation[M];4,43889E+15;5,18961E+15;18;AAYSFYNVHTQTPLLDLMSDALVLAK;NMT1_HUMAN((418-444))((P30419));P30419;0.0
55;ADRDESSPYAAMLAAQDVAQRnan;ADRDESSPYAAMLAAQDVAQR;RS14_HUMAN;5,62748E+16;5,4E+16;5,66635E+15;;20;5,62748E+16;ADRDESSPYAAMLAAQDVAQR12|[35]oxidation[M];RS14_HUMAN;6,11967E+13;6,05058E+15;6,47348E+15;;2;1;[35]oxidation[M];6,11967E+13;5,20949E+15;12;ADRDESSPYAAMLAAQDVAQR;RS14_HUMAN((64-85))((P62263));P62263;0.35638297872340424
66;AIQAYGMKnan;AIQAYGMK;CNN3_HUMAN;4,90649E+15;4,50661E+14;3,97945E+16;;20;4,50661E+14;AIQAYGMK7|[35]oxidation[M];CNN3_HUMAN;6,78489E+15;6,87515E+15;6,70926E+15;;2;1;[35]oxidation[M];6,78489E+15;6,00885E+15;7;AIQAYGMK;CNN3_HUMAN((92-100))((Q15417));Q15417;No PDB found
73;AKFEELNMDLFRnan;AKFEELNMDLFR;BIP_HUMAN;5,48897E+15;4,44577E+15;4,97662E+15;;20;4,97662E+15;AKFEELNMDLFR8|[35]oxidation[M];BIP_HUMAN;6,31979E+15;6,14697E+14;6,37691E+16;;2;1;[35]oxidation[M];6,31979E+15;5,59451E+15;8;AKFEELNMDLFR;BIP_HUMAN((325-337))((P11021));P11021;0.2074468085106383
84;ALEEAMEQKnan;ALEEAMEQK;MYH9_HUMAN;6,54756E+14;6,28367E+15;6,09953E+16;;20;6,28367E+15;ALEEAMEQK6|[35]oxidation[M];MYH9_HUMAN;7,7558E+15;7,68498E+15;7,67041E+14;;2;1;[35]oxidation[M];7,68498E+15;5,50159E+15;6;ALEEAMEQK;MYH9_HUMAN((1484-1493))((P35579));P35579;No match
92;ALLLPDYYLVTVMLSGIKnan;ALLLPDYYLVTVMLSGIK;SND1_HUMAN;4,51954E+15;4,51563E+15;5,34474E+15;;20;4,51954E+15;ALLLPDYYLVTVMLSGIK13|[35]oxidation[M];SND1_HUMAN;4,58339E+13;4,44403E+15;5,29717E+15;;2;1;[35]oxidation[M];4,58339E+13;5,03507E+14;13;ALLLPDYYLVTVMLSGIK;SND1_HUMAN((210-228))((Q7KZF4));Q7KZF4;No match
103;ALQDEWDAVMLHSFTLRnan;ALQDEWDAVMLHSFTLR;PRP19_HUMAN;5,39398E+15;4,70047E+15;5,07E+15;;20;5,07E+15;ALQDEWDAVMLHSFTLR10|[35]oxidation[M];PRP19_HUMAN;4,99126E+16;4,61199E+15;5,23616E+15;;2;1;[35]oxidation[M];4,99126E+16;4,96087E+15;10;ALQDEWDAVMLHSFTLR;PRP19_HUMAN((77-94))((Q9UMS4));Q9UMS4;0.34574468085106386
112;APVDFGYVGIDSILEQMRnan;APVDFGYVGIDSILEQMR;SEPT9_HUMAN;5,00446E+15;4,10218E+15;3,25401E+15;;20;4,10218E+15;APVDFGYVGIDSILEQMR17|[35]oxidation[M];SEPT9_HUMAN;5,49424E+14;5,80128E+15;5,96698E+15;;2;1;[35]oxidation[M];5,80128E+15;5,85783E+15;17;APVDFGYVGIDSILEQMR;SEPT9_HUMAN((272-290))((Q9UHD8));Q9UHD8;No match
116;AQLHDTNMELTDLKnan;AQLHDTNMELTDLK;MYPT1_HUMAN;4,4406E+15;4,12464E+15;3,98911E+16;;20;4,12464E+15;AQLHDTNMELTDLK8|[35]oxidation[M];MYPT1_HUMAN;5,71501E+15;5,72353E+15;5,48096E+15;;2;1;[35]oxidation[M];5,71501E+15;5,80814E+15;8;AQLHDTNMELTDLK;MYPT1_HUMAN((948-962))((O14974));O14974;0.6170212765957447
121;ATEGMVVADKnan;ATEGMVVADK;PSB7_HUMAN;4,25363E+15;4,29464E+15;4,06322E+15;;20;4,25363E+15;ATEGMVVADK5|[35]oxidation[M];PSB7_HUMAN;5,91013E+15;6,01184E+15;5,87057E+15;;2;1;[35]oxidation[M];5,91013E+15;5,8149E+15;5;ATEGMVVADK;PSB7_HUMAN((63-73))((Q99436));Q99436;0.3351063829787234
134;DAGMQLQGYRnan;DAGMQLQGYR;AATM_HUMAN;3,22207E+16;3,09798E+16;3,57794E+16;;20;3,22207E+16;DAGMQLQGYR4|[35]oxidation[M];AATM_HUMAN;5,10141E+15;4,81042E+15;5,53282E+15;;2;1;[35]oxidation[M];5,10141E+15;6,12894E+15;4;DAGMQLQGYR;AATM_HUMAN((171-181))((P00505));P00505;0.010638297872340425
144;DALRDEYDDLSDLNAVQMESVRnan;DALRDEYDDLSDLNAVQMESVR;PGRC2_HUMAN;4,47429E+15;4,17217E+15;3,66264E+15;;20;4,17217E+15;DALRDEYDDLSDLNAVQMESVR18|[35]oxidation[M];PGRC2_HUMAN;6,26184E+15;6,32073E+15;5,87504E+15;;2;1;[35]oxidation[M];6,26184E+15;6,00138E+15;18;DALRDEYDDLSDLNAVQMESVR;PGRC2_HUMAN((163-185))((O15173));O15173;No PDB found
147;DDAMLLKnan;DDAMLLK;CH60_HUMAN;5,25588E+15;5,122E+15;5,37308E+15;;20;5,25588E+15;DDAMLLK4|[35]oxidation[M];CH60_HUMAN;6,6304E+15;6,63881E+15;6,64485E+15;;2;1;[35]oxidation[M];6,63881E+15;5,58132E+15;4;DDAMLLK;CH60_HUMAN((353-360))((P10809));P10809;0.06914893617021277
158;DDEEMNTWIQAISSAISSDKnan;DDEEMNTWIQAISSAISSDK;SPTB2_HUMAN;4,66788E+15;4,50635E+15;4,25752E+15;;20;4,50635E+15;DDEEMNTWIQAISSAISSDK5|[35]oxidation[M];SPTB2_HUMAN;5,58324E+15;5,66564E+15;5,51495E+15;;2;1;[35]oxidation[M];5,58324E+15;5,53367E+15;5;DDEEMNTWIQAISSAISSDK;SPTB2_HUMAN((2291-2311))((Q01082));Q01082;No match
178;DFLLQQTMLRnan;DFLLQQTMLR;LGUL_HUMAN;5,23822E+15;4,70381E+15;4,75666E+15;;20;4,75666E+15;DFLLQQTMLR8|[35]oxidation[M];LGUL_HUMAN;6,60512E+15;6,48665E+15;6,531E+15;;2;1;[35]oxidation[M];6,531E+15;5,78597E+15;8;DFLLQQTMLR;LGUL_HUMAN((29-39))((Q04760));Q04760;0.05319148936170213
192;DFMIQGGDFTRnan;DFMIQGGDFTR;PPIB_HUMAN;5,17009E+16;4,62497E+15;4,87131E+15;;20;4,87131E+15;DFMIQGGDFTR3|[35]oxidation[M];PPIB_HUMAN;6,70121E+14;6,616E+15;6,79902E+15;;2;1;[35]oxidation[M];6,70121E+14;5,79062E+15;3;DFMIQGGDFTR;PPIB_HUMAN((99-110))((P23284));P23284;0.0
197;DFNMPLTISSLKnan;DFNMPLTISSLK;PDLI5_HUMAN;5,07213E+15;5,07634E+15;5,05173E+15;;20;5,07213E+15;DFNMPLTISSLK4|[35]oxidation[M];PDLI5_HUMAN;5,91802E+16;5,89981E+15;6,1401E+14;;2;1;[35]oxidation[M];5,91802E+16;5,38484E+15;4;DFNMPLTISSLK;PDLI5_HUMAN((23-35))((Q96HC4));Q96HC4;0.6170212765957447
213;DGNVLLHEMQIQHPTASLIAKnan;DGNVLLHEMQIQHPTASLIAK;TCPZ_HUMAN;4,93571E+14;4,70177E+15;4,52911E+15;;20;4,70177E+15;DGNVLLHEMQIQHPTASLIAK9|[35]oxidation[M];TCPZ_HUMAN;6,05221E+14;6,01462E+15;6,32713E+15;;2;1;[35]oxidation[M];6,05221E+14;5,62788E+15;9;DGNVLLHEMQIQHPTASLIAK;TCPZ_HUMAN((59-80))((P40227));P40227;0.026595744680851064
219;DGPLNMILDDGGDLTNLIHTKnan;DGPLNMILDDGGDLTNLIHTK;SAHH_HUMAN;4,4782E+14;4,09518E+15;4,86044E+15;;20;4,4782E+14;DGPLNMILDDGGDLTNLIHTK6|[35]oxidation[M];SAHH_HUMAN;5,66941E+15;5,44973E+15;5,9735E+15;;2;1;[35]oxidation[M];5,66941E+15;5,58694E+15;6;DGPLNMILDDGGDLTNLIHTK;SAHH_HUMAN((122-143))((P23526));P23526;0.0
230;DHGVNSFLVYMAFKnan;DHGVNSFLVYMAFK;DPYL2_HUMAN;4,59499E+15;4,31823E+15;4,0509E+15;;20;4,31823E+15;DHGVNSFLVYMAFK11|[35]oxidation[M];DPYL2_HUMAN;6,21199E+15;6,09561E+15;6,07983E+15;;2;1;[35]oxidation[M];6,09561E+15;5,85337E+15;11;DHGVNSFLVYMAFK;DPYL2_HUMAN((158-172))((Q16555));Q16555;0.015957446808510637
233;DITEEIMSGARnan;DITEEIMSGAR;IF4G1_HUMAN;4,87743E+15;5,02997E+16;4,22132E+16;;20;4,87743E+15;DITEEIMSGAR7|[35]oxidation[M];IF4G1_HUMAN;5,87034E+15;5,88926E+15;5,74288E+15;;2;1;[35]oxidation[M];5,87034E+15;5,46192E+15;7;DITEEIMSGAR;IF4G1_HUMAN((191-202))((Q04637));Q04637;0.3882978723404255
243;DMDLTEVITGTLWNLSSHDSIKnan;DMDLTEVITGTLWNLSSHDSIK;CTND1_HUMAN;4,39419E+15;3,46333E+15;3,00644E+16;;20;3,46333E+15;DMDLTEVITGTLWNLSSHDSIK2|[35]oxidation[M];CTND1_HUMAN;5,73743E+15;5,69723E+15;5,83016E+16;;2;1;[35]oxidation[M];5,73743E+15;6,23582E+15;2;DMDLTEVITGTLWNLSSHDSIK;CTND1_HUMAN((465-487))((O60716));O60716;0.425531914893617
249;DMSLYASLTSEKnan;DMSLYASLTSEK;MAP1B_HUMAN;4,57719E+16;4,75244E+15;3,85604E+15;;20;4,57719E+16;DMSLYASLTSEK2|[35]oxidation[M];MAP1B_HUMAN;6,34664E+15;6,30135E+15;6,30792E+15;;2;1;[35]oxidation[M];6,30792E+15;5,795E+15;2;DMSLYASLTSEK;MAP1B_HUMAN((1758-1770))((P46821));P46821;No PDB found
262;DTGIFLDLMHLKnan;DTGIFLDLMHLK;XRCC6_HUMAN;4,66984E+15;3,69367E+15;4,638E+15;;20;4,638E+15;DTGIFLDLMHLK9|[35]oxidation[M];XRCC6_HUMAN;5,213E+15;4,68441E+15;;;2;1;[35]oxidation[M];4,94871E+15;5,16205E+15;9;DTGIFLDLMHLK;XRCC6_HUMAN((195-207))((P12956));P12956;0.026595744680851064
269;DVSSVELLMNNHQGIKnan;DVSSVELLMNNHQGIK;SPTB2_HUMAN;5,61718E+15;5,53535E+16;5,40494E+15;;20;5,53535E+16;DVSSVELLMNNHQGIK9|[35]oxidation[M];SPTB2_HUMAN;6,36231E+15;6,42161E+15;6,37283E+15;;2;1;[35]oxidation[M];6,37283E+15;5,35164E+14;9;DVSSVELLMNNHQGIK;SPTB2_HUMAN((1942-1958))((Q01082));Q01082;0.2127659574468085
277;DYLLMEEEFIRnan;DYLLMEEEFIR;PRS4_HUMAN;4,15799E+15;3,68469E+15;3,52995E+16;;20;3,68469E+15;DYLLMEEEFIR5|[35]oxidation[M];PRS4_HUMAN;5,77636E+15;5,72634E+15;5,70567E+15;;2;1;[35]oxidation[M];5,72634E+15;6,08471E+15;5;DYLLMEEEFIR;PRS4_HUMAN((70-81))((P62191));P62191;No match
279;EAYMGNVLQGGEGQAPTRnan;EAYMGNVLQGGEGQAPTR;THIL_HUMAN;4,23594E+15;3,94414E+16;3,68578E+15;;20;3,94414E+16;EAYMGNVLQGGEGQAPTR4|[35]oxidation[M];THIL_HUMAN;5,44663E+15;5,37911E+15;5,60954E+15;;2;1;[35]oxidation[M];5,44663E+15;5,79998E+15;4;EAYMGNVLQGGEGQAPTR;THIL_HUMAN((88-106))((P24752));P24752;0.005319148936170213
293;EGNDLYHEMIESGVINLKnan;EGNDLYHEMIESGVINLK;ATPB_HUMAN;5,5127E+14;5,50394E+15;5,25658E+14;;20;5,50394E+15;EGNDLYHEMIESGVINLK9|[35]oxidation[M];ATPB_HUMAN;5,97634E+15;5,97426E+16;6,01811E+16;;2;1;[35]oxidation[M];5,97634E+15;5,20574E+14;9;EGNDLYHEMIESGVINLK;ATPB_HUMAN((242-260))((P06576));P06576;No PDB found
307;EGQDVPLKPDAEYPEWLFEMNLGPPKnan;EGQDVPLKPDAEYPEWLFEMNLGPPK;RM54_HUMAN;3,90187E+16;3,51486E+16;3,80296E+16;;20;3,80296E+16;EGQDVPLKPDAEYPEWLFEMNLGPPK20|[35]oxidation[M];RM54_HUMAN;4,88377E+15;4,67563E+15;4,78765E+15;;2;1;[35]oxidation[M];4,78765E+15;5,57312E+15;20;EGQDVPLKPDAEYPEWLFEMNLGPPK;RM54_HUMAN((80-106))((Q6P161));Q6P161;No PDB found
317;EHPWEVMPDLYFYRDPEEIEKnan;EHPWEVMPDLYFYRDPEEIEK;RSSA_HUMAN;5,70113E+14;5,38945E+15;5,60977E+15;;20;5,60977E+15;EHPWEVMPDLYFYRDPEEIEK7|[35]oxidation[M];RSSA_HUMAN;6,63545E+15;6,43378E+15;6,52163E+15;;2;1;[35]oxidation[M];6,52163E+15;5,37583E+15;7;EHPWEVMPDLYFYRDPEEIEK;RSSA_HUMAN((192-213))((P08865));P08865;0.574468085106383
332;EKPSYDTETDPSEGLMNVLKnan;EKPSYDTETDPSEGLMNVLK;CYBP_HUMAN;4,62917E+15;3,93401E+15;4,20185E+15;;20;4,20185E+15;EKPSYDTETDPSEGLMNVLK16|[35]oxidation[M];CYBP_HUMAN;5,76988E+15;5,75782E+15;5,9741E+14;;2;1;[35]oxidation[M];5,76988E+15;5,78624E+15;16;EKPSYDTETDPSEGLMNVLK;CYBP_HUMAN((177-197))((Q9HB71));Q9HB71;No match
335;ELGDVLFQMAEVHRnan;ELGDVLFQMAEVHR;BAIP2_HUMAN;4,49322E+15;4,22472E+15;4,09368E+15;;20;4,22472E+15;ELGDVLFQMAEVHR9|[35]oxidation[M];BAIP2_HUMAN;5,04547E+16;5,14172E+15;4,98497E+16;;2;1;[35]oxidation[M];5,04547E+16;5,44269E+15;9;ELGDVLFQMAEVHR;BAIP2_HUMAN((71-85))((Q9UQB8));Q9UQB8;0.047872340425531915
342;ELLELEALSMAVESTGTAKnan;ELLELEALSMAVESTGTAK;MVP_HUMAN;4,54787E+15;4,08812E+15;3,79537E+15;;20;4,08812E+15;ELLELEALSMAVESTGTAK10|[35]oxidation[M];MVP_HUMAN;5,76275E+16;5,35764E+15;5,89064E+15;;2;1;[35]oxidation[M];5,76275E+16;5,84999E+15;10;ELLELEALSMAVESTGTAK;MVP_HUMAN((705-724))((Q14764));Q14764;No match
354;EMEAELEDERKnan;EMEAELEDERK;MYH9_HUMAN;5,82562E+15;5,49662E+15;5,60447E+16;;20;5,60447E+16;EMEAELEDERK2|[35]oxidation[M];MYH9_HUMAN;7,52096E+15;7,37397E+15;7,47786E+14;;2;1;[35]oxidation[M];7,47786E+14;5,716E+15;2;EMEAELEDERK;MYH9_HUMAN((1593-1604))((P35579));P35579;No match
367;EMVLEIIRnan;EMVLEIIR;FUBP3_HUMAN;4,77748E+15;4,37637E+15;4,06848E+14;;20;4,37637E+15;EMVLEIIR2|[35]oxidation[M];FUBP3_HUMAN;6,26646E+15;6,40159E+16;6,20563E+15;;2;1;[35]oxidation[M];6,26646E+15;5,88797E+15;2;EMVLEIIR;FUBP3_HUMAN((226-234))((Q96I24));Q96I24;No PDB found
374;EQLGPVTQEFWDNLEKnan;EQLGPVTQEFWDNLEK;P15497;4,54618E+15;4,59833E+14;4,05809E+14;;20;4,54618E+15;EQLGPVTQEFWDNLEK11|[351]Trp->Kynurenin[W];sp|P15497;4,6996E+15;4,76073E+15;4,63859E+15;;2;1;[351]Trp->Kynurenin[W];4,6996E+15;5,08296E+15;11;EQLGPVTQEFWDNLEK;APOA1_HUMAN((86-102))((P02647))||sp|P15497((85-101))((sp|P15497));P02647||sp|P15497;0.5682819383259912
382;ERLEQQVPVNQVFGQDEMIDVIGVTKnan;ERLEQQVPVNQVFGQDEMIDVIGVTK;RL3_HUMAN;4,50381E+15;3,35204E+16;4,30755E+15;;20;4,30755E+15;ERLEQQVPVNQVFGQDEMIDVIGVTK18|[35]oxidation[M];RL3_HUMAN;5,79311E+15;5,56213E+15;6,21806E+16;;2;1;[35]oxidation[M];5,79311E+15;5,73538E+15;18;ERLEQQVPVNQVFGQDEMIDVIGVTK;RL3_HUMAN((199-225))((P39023));P39023;No PDB found
388;ERVEAVNMAEGIIHDTETKnan;ERVEAVNMAEGIIHDTETK;GRP75_HUMAN;2,10366E+15;2,85512E+16;5,06189E+15;;20;2,85512E+16;ERVEAVNMAEGIIHDTETK8|[35]oxidation[M];GRP75_HUMAN;6,49666E+14;6,35919E+15;6,25192E+15;;2;1;[35]oxidation[M];6,35919E+15;6,90143E+15;8;ERVEAVNMAEGIIHDTETK;GRP75_HUMAN((577-596))((P38646));P38646;0.39361702127659576
409;ETASELLMRnan;ETASELLMR;SPTB2_HUMAN;4,9496E+15;5,11088E+16;5,25569E+14;;20;5,11088E+16;ETASELLMR8|[35]oxidation[M];SPTB2_HUMAN;6,48834E+15;6,51762E+15;6,32526E+15;;2;1;[35]oxidation[M];6,48834E+15;5,59377E+14;8;ETASELLMR;SPTB2_HUMAN((1262-1271))((Q01082));Q01082;0.4095744680851064
414;ETEMALAKnan;ETEMALAK;MAP4_HUMAN;4,74847E+15;4,27041E+15;3,92715E+15;;20;4,27041E+15;ETEMALAK4|[35]oxidation[M];MAP4_HUMAN;6,22799E+15;5,98975E+15;6,02275E+15;;2;1;[35]oxidation[M];6,02275E+15;5,85122E+15;4;ETEMALAK;MAP4_HUMAN((255-263))((P27816));P27816;No PDB found
421;EVPLSALTNILSAQLISHWKnan;EVPLSALTNILSAQLISHWK;PAI1_HUMAN;6,66534E+15;6,54623E+14;6,88706E+15;;20;6,66534E+15;EVPLSALTNILSAQLISHWK19|[351]Trp->Kynurenin[W];PAI1_HUMAN;4,5297E+15;3,86086E+16;3,87552E+15;;2;1;[351]Trp->Kynurenin[W];3,87552E+15;3,67666E+15;19;EVPLSALTNILSAQLISHWK;PAI1_HUMAN((267-287))((P05121));P05121;0.02643171806167401
430;EVQMGDFVRnan;EVQMGDFVR;FKB10_HUMAN;4,53153E+15;4,0197E+15;3,77055E+16;;20;4,0197E+15;EVQMGDFVR4|[35]oxidation[M];FKB10_HUMAN;5,91951E+15;5,83911E+14;5,92619E+15;;2;1;[35]oxidation[M];5,91951E+15;5,95571E+15;4;EVQMGDFVR;FKB10_HUMAN((58-67))((Q96AY3));Q96AY3;No PDB found
433;FSMPSLKnan;FSMPSLK;AHNK_HUMAN;5,29397E+15;5,0657E+15;4,72845E+15;;20;5,0657E+15;FSMPSLK3|[35]oxidation[M];AHNK_HUMAN;6,17846E+15;6,24458E+15;6,0636E+15;;2;1;[35]oxidation[M];6,17846E+15;5,49482E+15;3;FSMPSLK;AHNK_HUMAN((1006-1013))((Q09666));Q09666;No match
439;FTTGDAMSKnan;FTTGDAMSK;COTL1_HUMAN;5,57935E+15;5,32048E+15;4,85118E+15;;20;5,32048E+15;FTTGDAMSK7|[35]oxidation[M];COTL1_HUMAN;7,0505E+15;7,06764E+15;7,119E+15;;2;1;[35]oxidation[M];7,06764E+15;5,70518E+15;7;FTTGDAMSK;COTL1_HUMAN((64-73))((Q14019));Q14019;0.9946808510638298
445;FVHFIDAPSLALIMPIVQRnan;FVHFIDAPSLALIMPIVQR;GCN1_HUMAN;3,8257E+15;3,92148E+15;4,25479E+15;;20;3,92148E+15;FVHFIDAPSLALIMPIVQR14|[35]oxidation[M];";GCN1_HUMAN";5,05519E+16;5,00701E+16;5,46873E+15;;2;1;[35]oxidation[M];5,05519E+16;5,63147E+15;14;FVHFIDAPSLALIMPIVQR;GCN1_HUMAN((1604-1623))((Q92616));Q92616;No PDB found
450;FVIPDFMSFTSHIDELYESAKnan;FVIPDFMSFTSHIDELYESAK;GLSK_HUMAN;6,29042E+15;5,5469E+15;5,73893E+15;;20;5,73893E+15;FVIPDFMSFTSHIDELYESAK7|[35]oxidation[M];GLSK_HUMAN;6,40719E+16;6,02264E+15;6,44931E+14;;2;1;[35]oxidation[M];6,40719E+16;5,27509E+15;7;FVIPDFMSFTSHIDELYESAK;GLSK_HUMAN((219-240))((O94925));O94925;0.4308510638297872
454;FVPQEMGPHTVAVKnan;FVPQEMGPHTVAVK;FLNC_HUMAN;6,09764E+15;5,85658E+15;5,83459E+15;;20;5,85658E+15;FVPQEMGPHTVAVK6|[35]oxidation[M];FLNC_HUMAN;7,07226E+15;7,08241E+15;7,16529E+15;;2;1;[35]oxidation[M];7,08241E+15;5,4737E+15;6;FVPQEMGPHTVAVK;FLNC_HUMAN((2278-2292))((Q14315));Q14315;No match
458;FWYDMAALLTTIKnan;FWYDMAALLTTIK;MACF1_HUMAN;4,93741E+15;4,9084E+14;4,68833E+15;;20;4,9084E+14;FWYDMAALLTTIK5|[35]oxidation[M];MACF1_HUMAN;5,254E+16;5,41847E+15;5,18239E+13;;2;1;[35]oxidation[M];5,254E+16;5,17004E+14;5;FWYDMAALLTTIK;MACF1_HUMAN((6009-6022))((Q9UPN3));Q9UPN3;No match
465;GADINAPDKnan;GADINAPDK;MTPN_HUMAN;7,0147E+15;6,92506E+15;6,94333E+16;;20;6,94333E+16;GADINAPDK5|[35]Oxidation[N];MTPN_HUMAN;6,0591E+15;6,07527E+15;5,78919E+15;;2;1;[35]Oxidation[N];6,0591E+15;4,65998E+15;5;GADINAPDK;MTPN_HUMAN((58-67))((P58546));P58546;0.3503184713375796
475;GAEVAHFMNALRnan;GAEVAHFMNALR;5NTD_HUMAN;4,88951E+15;4,5214E+15;4,46865E+14;;20;4,5214E+15;GAEVAHFMNALR8|[35]oxidation[M];5NTD_HUMAN;4,8953E+15;4,93367E+15;5,06857E+15;;2;1;[35]oxidation[M];4,93367E+15;5,21801E+15;8;GAEVAHFMNALR;5NTD_HUMAN((98-110))((P21589));P21589;0.02127659574468085
477;GDQENVHPDVMLVQPRnan;GDQENVHPDVMLVQPR;IMB1_HUMAN;4,67141E+15;4,41075E+15;4,82403E+15;;20;4,67141E+15;GDQENVHPDVMLVQPR11|[35]oxidation[M];IMB1_HUMAN;6,04757E+15;6,12185E+15;6,15092E+15;;2;1;[35]oxidation[M];6,12185E+15;5,67192E+15;11;GDQENVHPDVMLVQPR;IMB1_HUMAN((778-794))((Q14974));Q14974;0.3351063829787234
482;GFGFVTYATVEEVDAAMNARnan;GFGFVTYATVEEVDAAMNAR;";RA1L3_HUMAN";5,80171E+16;5,84752E+15;4,98867E+16;;20;5,80171E+16;GFGFVTYATVEEVDAAMNAR17|[35]oxidation[M];";RA1L3_HUMAN";6,72889E+15;6,70314E+15;6,49775E+15;;2;1;[35]oxidation[M];6,70314E+15;5,36043E+15;17;GFGFVTYATVEEVDAAMNAR;ROA1_HUMAN((56-76))((P09651))||RA1L3_HUMAN((11-31))((A0A2R8Y4L2));P09651||RA1L3_HUMAN;0.005319148936170213
511;GFGFVTYATVEEVDAAMNARPHKnan;GFGFVTYATVEEVDAAMNARPHK;RA1L3_HUMAN;5,10775E+15;4,04174E+15;4,43094E+16;;20;4,43094E+16;GFGFVTYATVEEVDAAMNARPHK17|[35]oxidation[M];";RA1L3_HUMAN";6,03859E+15;5,87051E+15;6,24317E+15;;2;1;[35]oxidation[M];6,03859E+15;5,76778E+15;17;GFGFVTYATVEEVDAAMNARPHK;ROA1_HUMAN((56-79))((P09651))||RA1L3_HUMAN((11-34))((A0A2R8Y4L2));P09651||RA1L3_HUMAN;0.005319148936170213
525;GIQEEMEALVKnan;GIQEEMEALVK;DPYL2_HUMAN;5,79469E+16;5,3198E+15;5,30983E+15;;20;5,3198E+15;GIQEEMEALVK6|[35]oxidation[M];DPYL2_HUMAN;6,2376E+15;6,37931E+16;6,14909E+15;;2;1;[35]oxidation[M];6,2376E+15;5,39706E+14;6;GIQEEMEALVK;DPYL2_HUMAN((147-158))((Q16555));Q16555;0.0
540;GPAFNMASPESDFGINLKnan;GPAFNMASPESDFGINLK;AHNK_HUMAN;5,00343E+15;4,57652E+15;4,01261E+15;;20;4,57652E+15;GPAFNMASPESDFGINLK6|[35]oxidation[M];AHNK_HUMAN;6,45063E+15;6,31467E+15;6,36811E+15;;2;1;[35]oxidation[M];6,36811E+15;5,81848E+15;6;GPAFNMASPESDFGINLK;AHNK_HUMAN((5545-5563))((Q09666));Q09666;No match
547;GQLVPLETVLDMLRnan;GQLVPLETVLDMLR;KAD1_HUMAN;5,37334E+15;4,7438E+14;4,42535E+15;;20;4,7438E+14;GQLVPLETVLDMLR12|[35]oxidation[M];KAD1_HUMAN;5,7356E+15;5,77623E+15;5,59409E+15;;2;1;[35]oxidation[M];5,7356E+15;5,47322E+15;12;GQLVPLETVLDMLR;KAD1_HUMAN((64-78))((P00568));P00568;0.11702127659574468
558;GSNMDFREPTEEERnan;GSNMDFREPTEEER;IF4H_HUMAN;4,77225E+15;4,32587E+15;4,41755E+16;;20;4,41755E+16;GSNMDFREPTEEER4|[35]oxidation[M];IF4H_HUMAN;6,5308E+15;6,36644E+15;6,507E+15;;2;1;[35]oxidation[M];6,507E+15;5,95631E+15;4;GSNMDFREPTEEER;IF4H_HUMAN((192-206))((Q15056));Q15056;No PDB found
567;GVAINMVTEEDKRnan;GVAINMVTEEDKR;IF4A1_HUMAN;5,05341E+15;3,97792E+15;4,48806E+15;;20;4,48806E+15;GVAINMVTEEDKR6|[35]oxidation[M];IF4A1_HUMAN;5,72283E+15;5,6155E+15;5,87638E+15;;2;1;[35]oxidation[M];5,72283E+15;5,60463E+15;6;GVAINMVTEEDKR;IF4A1_HUMAN((370-383))((P60842));P60842;0.0
572;GWDEALLTMSKnan;GWDEALLTMSK;FKBP3_HUMAN;4,78394E+15;4,19989E+15;4,46274E+16;;20;4,46274E+16;GWDEALLTMSK9|[35]oxidation[M];FKBP3_HUMAN;5,90501E+16;5,85564E+15;5,86182E+14;;2;1;[35]oxidation[M];5,86182E+14;5,67755E+15;9;GWDEALLTMSK;FKBP3_HUMAN((174-185))((Q00688));Q00688;0.0
586;HAEMVHTGLKnan;HAEMVHTGLK;CAP1_HUMAN;4,81735E+15;4,53716E+15;4,56759E+15;;20;4,56759E+15;HAEMVHTGLK4|[35]oxidation[M];CAP1_HUMAN;6,47781E+16;6,43442E+15;6,25239E+15;;2;1;[35]oxidation[M];6,43442E+15;5,84841E+15;4;HAEMVHTGLK;CAP1_HUMAN((72-82))((Q01518));Q01518;No match
594;HSTLDFMLGAKnan;HSTLDFMLGAK;SPSY_HUMAN;5,42887E+15;5,17066E+15;5,18981E+16;;20;5,18981E+16;HSTLDFMLGAK7|[35]oxidation[M];SPSY_HUMAN;6,26677E+15;6,17633E+15;6,35392E+16;;2;1;[35]oxidation[M];6,26677E+15;5,47002E+15;7;HSTLDFMLGAK;SPSY_HUMAN((6-17))((P52788));P52788;0.26063829787234044
603;IAQDLEMYGINYFEIKnan;IAQDLEMYGINYFEIK;EZRI_HUMAN;5,5599E+15;5,38391E+15;5,39475E+15;;20;5,39475E+15;IAQDLEMYGINYFEIK7|[35]oxidation[M];EZRI_HUMAN;6,54971E+14;6,58359E+15;6,58763E+15;;2;1;[35]oxidation[M];6,58359E+15;5,49625E+15;7;IAQDLEMYGINYFEIK;EZRI_HUMAN((194-210))((P15311));P15311;0.11170212765957446
620;IGGDAATTVNNSTPDFGFGGQKnan;IGGDAATTVNNSTPDFGFGGQK;FUBP2_HUMAN;5,73323E+14;5,88787E+15;5,58167E+15;;20;5,73323E+14;IGGDAATTVNNSTPDFGFGGQK14|[1922]Pro->HAVA[P];FUBP2_HUMAN;3,20368E+14;3,42402E+14;;;2;1;[1922]Pro->HAVA[P];3,31385E+14;3,66289E+15;14;IGGDAATTVNNSTPDFGFGGQK;FUBP2_HUMAN((88-110))((Q92945));Q92945;No match
635;IITHPNFNGNTLDNDIMLIKLSSPATLNSRnan;IITHPNFNGNTLDNDIMLIKLSSPATLNSR;TRYP_PIG;4,28834E+15;4,10667E+15;2,7745E+16;;20;4,10667E+15;IITHPNFNGNTLDNDIMLIKLSSPATLNSR17|[35]oxidation[M];TRYP_PIG;5,54617E+15;5,61186E+15;5,10208E+15;;2;1;[35]oxidation[M];5,54617E+15;5,74564E+15;17;IITHPNFNGNTLDNDIMLIKLSSPATLNSR;TRYP_PIG((78-108))((P00761));P00761;0.0
639;ILLELLNQMDGFDQNVNVKnan;ILLELLNQMDGFDQNVNVK;PRS6B_HUMAN;4,6076E+15;4,13328E+15;3,11992E+14;;20;4,13328E+15;ILLELLNQMDGFDQNVNVK9|[35]oxidation[M];PRS6B_HUMAN;5,29899E+15;5,18438E+15;4,97577E+15;;2;1;[35]oxidation[M];5,18438E+15;5,56403E+15;9;ILLELLNQMDGFDQNVNVK;PRS6B_HUMAN((288-307))((P43686));P43686;0.2127659574468085
643;IPAMTIAKnan;IPAMTIAK;CH60_HUMAN;5,7069E+14;5,56906E+15;5,41642E+15;;20;5,56906E+15;IPAMTIAK4|[35]oxidation[M];CH60_HUMAN;6,55745E+15;7,0703E+15;7,2335E+15;;2;1;[35]oxidation[M];7,0703E+15;5,59387E+15;4;IPAMTIAK;CH60_HUMAN((474-482))((P10809));P10809;0.3404255319148936
646;ISMPDFDLNLKnan;ISMPDFDLNLK;AHNK_HUMAN;5,40095E+15;4,81737E+15;4,43034E+15;;20;4,81737E+15;ISMPDFDLNLK3|[35]oxidation[M];AHNK_HUMAN;6,09565E+15;6,12567E+15;5,96241E+15;;2;1;[35]oxidation[M];6,09565E+15;5,58567E+15;3;ISMPDFDLNLK;AHNK_HUMAN((3671-3682))((Q09666));Q09666;No match
654;ISMPDLDLHLKnan;ISMPDLDLHLK;AHNK_HUMAN;5,44775E+15;4,92906E+16;4,84635E+15;;20;4,92906E+16;ISMPDLDLHLK3|[35]oxidation[M];AHNK_HUMAN;6,27226E+15;6,10632E+14;6,15329E+15;;2;1;[35]oxidation[M];6,15329E+15;5,55233E+15;3;ISMPDLDLHLK;AHNK_HUMAN((2386-2397))((Q09666));Q09666;No match
673;ISMPDVDLNLKnan;ISMPDVDLNLK;AHNK_HUMAN;4,92118E+15;4,71371E+15;4,22731E+15;;20;4,71371E+15;ISMPDVDLNLK3|[35]oxidation[M];AHNK_HUMAN;6,01246E+15;6,08615E+13;6,05502E+15;;2;1;[35]oxidation[M];6,05502E+15;5,62278E+14;3;ISMPDVDLNLK;AHNK_HUMAN((1323-1334))((Q09666));Q09666;No match
686;ISMPEIDLNLKnan;ISMPEIDLNLK;AHNK_HUMAN;5,22407E+15;5,32045E+15;5,1083E+15;;20;5,22407E+15;ISMPEIDLNLK3|[35]oxidation[M];AHNK_HUMAN;6,09423E+15;6,16518E+15;5,99319E+15;;2;1;[35]oxidation[M];6,09423E+15;5,3844E+15;3;ISMPEIDLNLK;AHNK_HUMAN((3293-3304))((Q09666));Q09666;No match
689;ISMPGFKnan;ISMPGFK;AHNK_HUMAN;5,68979E+15;5,4104E+15;5,29275E+14;;20;5,4104E+15;ISMPGFK3|[35]oxidation[M];AHNK_HUMAN;6,21441E+15;6,09039E+15;6,10634E+16;;2;1;[35]oxidation[M];6,10634E+16;5,30214E+15;3;ISMPGFK;AHNK_HUMAN((2774-2781))((Q09666));Q09666;No match
695;ITAEEMYDIFGKnan;ITAEEMYDIFGK;SF3B6_HUMAN;4,84109E+15;4,6727E+15;4,89829E+15;;20;4,84109E+15;ITAEEMYDIFGK6|[35]oxidation[M];SF3B6_HUMAN;4,66155E+15;5,03688E+15;5,04156E+15;;2;1;[35]oxidation[M];5,03688E+15;5,0991E+15;6;ITAEEMYDIFGK;SF3B6_HUMAN((30-42))((Q9Y3B4));Q9Y3B4;0.02127659574468085
702;IVEVLLMKnan;IVEVLLMK;RBMX_HUMAN;4,69602E+15;3,81404E+16;4,52019E+15;;20;4,52019E+15;IVEVLLMK7|[35]oxidation[M];";RBMX_HUMAN";6,15985E+15;5,95506E+16;6,38668E+14;;2;1;[35]oxidation[M];6,15985E+15;5,76763E+15;7;IVEVLLMK;RBMX_HUMAN((34-42))((P38159))||RMXL2_HUMAN((34-42))((O75526));P38159||RMXL2_HUMAN;0.43617021276595747
709;IVSQLLTLMDGLKnan;IVSQLLTLMDGLK;TERA_HUMAN;5,90182E+15;5,86058E+16;6,10509E+15;;20;5,90182E+15;IVSQLLTLMDGLK9|[35]oxidation[M];TERA_HUMAN;5,85058E+15;5,87074E+13;5,98827E+15;;2;1;[35]oxidation[M];5,87074E+13;4,9868E+16;9;IVSQLLTLMDGLK;TERA_HUMAN((324-337))((P55072));P55072;0.010638297872340425
713;KEELMFFLWAPELAPLKnan;KEELMFFLWAPELAPLK;DEST_HUMAN;5,28839E+15;5,04033E+14;4,97111E+15;;20;5,04033E+14;KEELMFFLWAPELAPLK5|[35]oxidation[M];DEST_HUMAN;6,48105E+14;6,46407E+16;6,51122E+15;;2;1;[35]oxidation[M];6,48105E+14;5,62524E+15;5;KEELMFFLWAPELAPLK;DEST_HUMAN((96-113))((P60981));P60981;No PDB found
720;KIEDLGAAMEEALILDNKnan;KIEDLGAAMEEALILDNK;SPTN1_HUMAN;5,02224E+15;4,65485E+15;3,93309E+15;;20;4,65485E+15;KIEDLGAAMEEALILDNK9|[35]oxidation[M];SPTN1_HUMAN;5,6698E+15;5,80694E+15;5,7072E+15;;2;1;[35]oxidation[M];5,7072E+15;5,50779E+15;9;KIEDLGAAMEEALILDNK;SPTN1_HUMAN((2264-2282))((Q13813));Q13813;No match
731;KLEMDLKnan;KLEMDLK;MYH9_HUMAN;3,92966E+15;5,56788E+15;4,75952E+15;;20;4,75952E+15;KLEMDLK4|[35]oxidation[M];MYH9_HUMAN;7,30624E+15;7,24188E+15;7,30851E+16;;2;1;[35]oxidation[M];7,30624E+15;6,05535E+15;4;KLEMDLK;MYH9_HUMAN((1614-1621))((P35579));P35579;No match
740;KTDDVEAMSSQPALALDERnan;KTDDVEAMSSQPALALDER;MAP1B_HUMAN;4,88315E+15;4,61514E+15;4,34628E+15;;20;4,61514E+15;KTDDVEAMSSQPALALDER8|[35]oxidation[M];MAP1B_HUMAN;6,05821E+15;5,82129E+15;5,8167E+15;;2;1;[35]oxidation[M];5,82129E+15;5,57786E+15;8;KTDDVEAMSSQPALALDER;MAP1B_HUMAN((1477-1496))((P46821));P46821;No PDB found
757;KYDVDTLDMVFLDHWKnan;KYDVDTLDMVFLDHWK;COMT_HUMAN;3,97496E+16;3,1538E+15;3,4663E+16;;20;3,4663E+16;KYDVDTLDMVFLDHWK9|[35]oxidation[M];COMT_HUMAN;5,46979E+15;5,56648E+14;5,82801E+15;;2;1;[35]oxidation[M];5,56648E+14;6,16253E+15;9;KYDVDTLDMVFLDHWK;COMT_HUMAN((179-195))((P21964));P21964;0.0
763;LAAAISEVVSQTPASTTQAGAPPRnan;LAAAISEVVSQTPASTTQAGAPPR;ICAL_HUMAN;5,36863E+15;5,3746E+15;5,30977E+15;;20;5,36863E+15;LAAAISEVVSQTPASTTQAGAPPR13|[1922]Pro->HAVA[P];ICAL_HUMAN;3,19204E+15;3,53639E+16;;;2;1;[1922]Pro->HAVA[P];3,36422E+15;3,85237E+15;13;LAAAISEVVSQTPASTTQAGAPPR;ICAL_HUMAN((535-559))((P20810));P20810;No PDB found
774;LAGPQLVQMFIGDGAKnan;LAGPQLVQMFIGDGAK;PRS6A_HUMAN;5,1853E+15;4,56528E+14;4,56595E+15;;20;4,56595E+15;LAGPQLVQMFIGDGAK9|[35]oxidation[M];PRS6A_HUMAN;4,72549E+13;4,84394E+15;4,55481E+15;;2;1;[35]oxidation[M];4,72549E+13;5,08585E+14;9;LAGPQLVQMFIGDGAK;PRS6A_HUMAN((251-267))((P17980));P17980;0.3723404255319149
779;LDPGLIMEQVKnan;LDPGLIMEQVK;TIM13_HUMAN;4,71105E+16;4,75019E+15;4,14708E+15;;20;4,71105E+16;LDPGLIMEQVK7|[35]oxidation[M];TIM13_HUMAN;5,78477E+13;5,74895E+15;5,58309E+15;;2;1;[35]oxidation[M];5,74895E+15;5,49613E+15;7;LDPGLIMEQVK;TIM13_HUMAN((17-28))((Q9Y5L4));Q9Y5L4;No PDB found
793;LELLLMDNLRnan;LELLLMDNLR;ITA3_HUMAN;4,48541E+15;4,21795E+15;4,82338E+15;;20;4,48541E+15;LELLLMDNLR6|[35]oxidation[M];ITA3_HUMAN;5,66619E+15;5,84418E+15;5,66603E+15;;2;1;[35]oxidation[M];5,66619E+15;5,58157E+15;6;LELLLMDNLR;ITA3_HUMAN((553-563))((P26006));P26006;No PDB found
801;LEQFVSILMASIPLPDKnan;LEQFVSILMASIPLPDK;PNPH_HUMAN;3,25663E+16;2,68095E+16;3,75021E+16;;20;3,25663E+16;LEQFVSILMASIPLPDK9|[35]oxidation[M];PNPH_HUMAN;;4,76451E+16;4,9672E+16;;2;1;[35]oxidation[M];4,86586E+15;5,9906E+15;9;LEQFVSILMASIPLPDK;PNPH_HUMAN((271-288))((P00491));P00491;0.005319148936170213
804;LFQLMVEHTPDEESIDWTKnan;LFQLMVEHTPDEESIDWTK;LMAN2_HUMAN;4,31023E+15;4,0502E+15;3,99127E+15;;20;4,0502E+15;LFQLMVEHTPDEESIDWTK5|[35]oxidation[M];LMAN2_HUMAN;5,44975E+15;5,43072E+15;5,66837E+15;;2;1;[35]oxidation[M];5,44975E+15;5,73661E+15;5;LFQLMVEHTPDEESIDWTK;LMAN2_HUMAN((273-292))((Q12907));Q12907;No PDB found
807;LGEHNIDVLEGNEQFINAAKIITHPNFNGNTLDNDIMLIKnan;LGEHNIDVLEGNEQFINAAKIITHPNFNGNTLDNDIMLIK;TRYP_PIG;6,13496E+15;5,7755E+15;5,42378E+14;;20;5,7755E+15;LGEHNIDVLEGNEQFINAAKIITHPNFNGNTLDNDIMLIK37|[35]oxidation[M];TRYP_PIG;7,64762E+15;7,25638E+15;7,11241E+15;;2;1;[35]oxidation[M];7,25638E+15;5,56818E+15;37;LGEHNIDVLEGNEQFINAAKIITHPNFNGNTLDNDIMLIK;TRYP_PIG((58-98))((P00761));P00761;0.0
826;LGQSDPAPLQHQMDIYQKnan;LGQSDPAPLQHQMDIYQK;TKT_HUMAN;5,57119E+15;5,11457E+15;5,47781E+15;;20;5,47781E+15;LGQSDPAPLQHQMDIYQK13|[35]oxidation[M];TKT_HUMAN;6,55484E+15;6,45089E+15;6,77119E+16;;2;1;[35]oxidation[M];6,55484E+15;5,44755E+15;13;LGQSDPAPLQHQMDIYQK;TKT_HUMAN((187-205))((P29401));P29401;0.09042553191489362
834;LIGNMALLPIRnan;LIGNMALLPIR;ARPC3_HUMAN;4,19819E+15;3,77727E+16;4,257E+15;;20;4,19819E+15;LIGNMALLPIR5|[35]oxidation[M];ARPC3_HUMAN;6,15015E+15;5,94352E+15;6,38991E+15;;2;1;[35]oxidation[M];6,15015E+15;5,94312E+15;5;LIGNMALLPIR;ARPC3_HUMAN((15-26))((O15145));O15145;0.05319148936170213
843;LIVALMKnan;LIVALMK;ANXA5_HUMAN__ANXA5_HUMAN|;5,46414E+15;5,42511E+15;5,29003E+15;;20;5,42511E+15;LIVALMK6|[35]oxidation[M];ANXA5_HUMAN__sp|ANXA5_HUMAN|;6,90066E+15;6,90327E+15;6,86077E+16;;2;1;[35]oxidation[M];6,90066E+15;5,59856E+15;6;LIVALMK;ANXA5_HUMAN((80-87))((P08758))||sp|ANXA5_HUMAN|((79-86))((sp|ANXA5_HUMAN|));P08758||sp|ANXA5_HUMAN|;0.047872340425531915
855;LKLEAELGNMQGLVEDFKnan;LKLEAELGNMQGLVEDFK;K2C8_HUMAN;4,51942E+15;3,80562E+16;4,84904E+15;;20;4,51942E+15;LKLEAELGNMQGLVEDFK10|[35]oxidation[M];K2C8_HUMAN;5,35497E+15;3,36074E+16;5,18693E+15;;2;1;[35]oxidation[M];5,18693E+15;5,34385E+15;10;LKLEAELGNMQGLVEDFK;K2C8_HUMAN((159-177))((P05787));P05787;No match
861;LLLPDSLTTWEIHGVSLSKnan;LLLPDSLTTWEIHGVSLSK;ENSBTAP00000007350;5,22378E+15;4,38976E+16;5,17234E+16;;20;5,17234E+16;LLLPDSLTTWEIHGVSLSK10|[351]Trp->Kynurenin[W];ENSBTAP00000007350;3,97097E+16;3,72095E+15;3,62796E+16;;2;1;[351]Trp->Kynurenin[W];3,72095E+15;4,184E+16;10;LLLPDSLTTWEIHGVSLSK;ENSBTAP00000007350((796-815))((ENSEMBL));ENSEMBL;No PDB found
868;LLQDSVDFSLADAINTEFKNTRnan;LLQDSVDFSLADAINTEFKNTR;VIME_HUMAN;5,97764E+15;5,76298E+15;5,54429E+15;;20;5,76298E+15;LLQDSVDFSLADAINTEFKNTR19|[6]Carboxymethyl[K];VIME_HUMAN;5,2768E+15;5,27546E+16;4,79948E+15;;2;1;[6]Carboxymethyl[K];5,27546E+16;4,77918E+15;19;LLQDSVDFSLADAINTEFKNTR;VIME_HUMAN((79-101))((P08670));P08670;No match
874;LMEDLDRNKnan;LMEDLDRNK;S10A6_HUMAN;6,04123E+15;5,04067E+15;5,86789E+15;;20;5,86789E+15;LMEDLDRNK2|[35]oxidation[M];S10A6_HUMAN;7,0344E+16;6,53653E+16;7,11791E+15;;2;1;[35]oxidation[M];7,0344E+16;5,45206E+15;2;LMEDLDRNK;S10A6_HUMAN((56-65))((P06703));P06703;0.07446808510638298
888;LSSLIILMPHHVEPLERnan;LSSLIILMPHHVEPLER;SERPH_HUMAN;4,72779E+15;4,36419E+15;4,98281E+15;;20;4,72779E+15;LSSLIILMPHHVEPLER8|[35]oxidation[M];SERPH_HUMAN;5,43087E+15;5,39598E+15;5,88792E+14;;2;1;[35]oxidation[M];5,43087E+15;5,34605E+15;8;LSSLIILMPHHVEPLER;SERPH_HUMAN((264-281))((P50454));P50454;No PDB found
893;LTAEEMDERnan;LTAEEMDER;IQGA1_HUMAN;4,81374E+15;4,83393E+15;4,48463E+14;;20;4,81374E+15;LTAEEMDER6|[35]oxidation[M];IQGA1_HUMAN;6,40229E+15;6,35791E+15;6,14294E+16;;2;1;[35]oxidation[M];6,35791E+15;5,69111E+14;6;LTAEEMDER;IQGA1_HUMAN((26-35))((P46940));P46940;0.7074468085106383
898;LTDQVMQNPRnan;LTDQVMQNPR;NP1L4_HUMAN;4,5568E+15;4,0036E+15;3,89136E+16;;20;4,0036E+15;LTDQVMQNPR6|[35]oxidation[M];NP1L4_HUMAN;6,09688E+15;6,05586E+15;5,93416E+16;;2;1;[35]oxidation[M];6,05586E+15;6,02006E+15;6;LTDQVMQNPR;NP1L4_HUMAN((27-37))((Q99733));Q99733;No PDB found
904;LTGMAFRnan;LTGMAFR;";G3P_HUMAN";6,03866E+15;5,67859E+15;5,87624E+15;;20;5,87624E+15;LTGMAFR4|[35]oxidation[M];";G3P_HUMAN";7,59187E+15;7,50397E+15;7,67449E+14;;2;1;[35]oxidation[M];7,59187E+15;5,63692E+15;4;LTGMAFR;G3PT_HUMAN((300-307))((O14556))||G3P_HUMAN((228-235))((P04406));O14556||G3P_HUMAN;0.324468085106383
915;LVASMEEARnan;LVASMEEAR;PLEC_HUMAN;4,88024E+15;4,64539E+15;4,33321E+15;;20;4,64539E+15;LVASMEEAR5|[35]oxidation[M];PLEC_HUMAN;6,06915E+15;6,14393E+15;6,06816E+15;;2;1;[35]oxidation[M];6,06915E+15;5,6644E+14;5;LVASMEEAR;PLEC_HUMAN((2685-2694))((Q15149));Q15149;No match
918;LVDQALLTMDTYLGQFPDIKnan;LVDQALLTMDTYLGQFPDIK;BIN1_HUMAN;5,08976E+15;4,92097E+15;4,90594E+15;;20;4,92097E+15;LVDQALLTMDTYLGQFPDIK9|[35]oxidation[M];BIN1_HUMAN;5,58848E+15;5,49406E+16;4,74247E+15;;2;1;[35]oxidation[M];5,49406E+16;5,27513E+15;9;LVDQALLTMDTYLGQFPDIK;BIN1_HUMAN((118-138))((O00499));O00499;0.0
930;LVEPVTDFLLDMPYHIRnan;LVEPVTDFLLDMPYHIR;PGFRB_HUMAN;4,85679E+14;4,73034E+15;4,27082E+15;;20;4,73034E+15;LVEPVTDFLLDMPYHIR12|[35]oxidation[M];PGFRB_HUMAN;5,47656E+15;5,46375E+15;5,40234E+15;;2;1;[35]oxidation[M];5,46375E+15;5,35972E+13;12;LVEPVTDFLLDMPYHIR;PGFRB_HUMAN((257-274))((P09619));P09619;0.5851063829787234
934;MDIDAPDVDVHGPDWHLKnan;MDIDAPDVDVHGPDWHLK;AHNK_HUMAN;4,92099E+15;4,15032E+15;4,06054E+15;;20;4,15032E+15;MDIDAPDVDVHGPDWHLK1|[35]oxidation[M];AHNK_HUMAN;6,22329E+15;6,27728E+15;6,13703E+15;;2;1;[35]oxidation[M];6,22329E+15;5,99916E+15;1;MDIDAPDVDVHGPDWHLK;AHNK_HUMAN((2030-2048))((Q09666));Q09666;No match
945;MDVNVGDIDIEGPEGKnan;MDVNVGDIDIEGPEGK;AHNK_HUMAN;4,45511E+15;3,99167E+14;3,44569E+14;;20;3,99167E+14;MDVNVGDIDIEGPEGK1|[35]oxidation[M];AHNK_HUMAN;5,76867E+16;5,9988E+15;5,49242E+15;;2;1;[35]oxidation[M];5,76867E+16;5,91032E+15;1;MDVNVGDIDIEGPEGK;AHNK_HUMAN((1620-1636))((Q09666));Q09666;No match
954;MFVGGLSWDTSKnan;MFVGGLSWDTSK;ROAA_HUMAN;5,21049E+15;5,318E+14;5,39254E+15;;20;5,318E+14;MFVGGLSWDTSK1|[35]oxidation[M];ROAA_HUMAN;6,13683E+15;6,39276E+15;6,28846E+16;;2;1;[35]oxidation[M];6,28846E+16;5,41807E+15;1;MFVGGLSWDTSK;ROAA_HUMAN((71-83))((Q99729));Q99729;No match
956;MGANNLERnan;MGANNLER;HNRPM_HUMAN;5,20629E+15;4,19397E+16;4,18569E+15;;20;4,19397E+16;MGANNLER1|[35]oxidation[M];HNRPM_HUMAN;6,55551E+15;6,45954E+15;6,62309E+16;;2;1;[35]oxidation[M];6,55551E+15;6,09844E+15;1;MGANNLER;HNRPM_HUMAN((558-566))((P52272));P52272;No match
961;MILIQDGSQNTNVDKnan;MILIQDGSQNTNVDK;FUBP2_HUMAN;4,86879E+15;4,44141E+15;4,13196E+13;;20;4,44141E+15;MILIQDGSQNTNVDK1|[35]oxidation[M];FUBP2_HUMAN;5,97304E+15;5,96663E+15;5,99983E+15;;2;1;[35]oxidation[M];5,97304E+15;5,73534E+15;1;MILIQDGSQNTNVDK;FUBP2_HUMAN((267-282))((Q92945));Q92945;0.010638297872340425
971;MLLADQGQSWKEEVVTVETWQEGSLKnan;MLLADQGQSWKEEVVTVETWQEGSLK;";GSTP1_HUMAN";5,77839E+15;4,74482E+15;4,70894E+15;;20;4,74482E+15;MLLADQGQSWKEEVVTVETWQEGSLK1|[35]oxidation[M];";GSTP1_HUMAN";6,47428E+15;6,27511E+14;6,58112E+15;;2;1;[35]oxidation[M];6,47428E+15;5,77077E+15;1;MLLADQGQSWKEEVVTVETWQEGSLK;GSTP1_HUMAN((20-46))((P09211))||sp|GSTP1_HUMAN|((19-45))((sp|GSTP1_HUMAN|));P09211||sp|GSTP1_HUMAN|;0.0
986;MNLASEPQEVLHIGSAHNRnan;MNLASEPQEVLHIGSAHNR;PDLI1_HUMAN;5,87475E+15;5,70136E+15;4,90771E+15;;20;5,70136E+15;MNLASEPQEVLHIGSAHNR1|[35]oxidation[M];PDLI1_HUMAN;6,76985E+15;6,61241E+15;6,57762E+15;;2;1;[35]oxidation[M];6,61241E+15;5,36993E+15;1;MNLASEPQEVLHIGSAHNR;PDLI1_HUMAN((104-123))((O00151));O00151;No match
992;MPFLSISSPKnan;MPFLSISSPK;AHNK_HUMAN;4,94117E+15;4,41685E+16;4,39815E+15;;20;4,41685E+16;MPFLSISSPK1|[35]oxidation[M];AHNK_HUMAN;6,44955E+15;6,31453E+15;;;2;1;[35]oxidation[M];6,38204E+15;5,90991E+15;1;MPFLSISSPK;AHNK_HUMAN((3405-3415))((Q09666));Q09666;No match
997;MPILGLGTWKnan;MPILGLGTWK;ALDR_HUMAN;5,12421E+15;4,21424E+15;5,11397E+15;;20;5,11397E+15;MPILGLGTWK1|[35]oxidation[M];ALDR_HUMAN;6,26165E+15;6,04888E+15;6,64268E+15;;2;1;[35]oxidation[M];6,26165E+15;5,50445E+15;1;MPILGLGTWK;ALDR_HUMAN((13-23))((P15121));P15121;0.005319148936170213
1000;MPSLEISAPKnan;MPSLEISAPK;AHNK_HUMAN;4,66983E+14;4,57964E+15;4,08463E+15;;20;4,57964E+15;MPSLEISAPK1|[35]oxidation[M];AHNK_HUMAN;6,00693E+15;6,04634E+15;5,70619E+15;;2;1;[35]oxidation[M];6,00693E+15;5,6741E+15;1;MPSLEISAPK;AHNK_HUMAN((4906-4916))((Q09666));Q09666;No match
1004;MSLPDVDLDLKnan;MSLPDVDLDLK;AHNK_HUMAN;4,4351E+15;4,46089E+16;4,07319E+15;;20;4,4351E+15;MSLPDVDLDLK1|[35]oxidation[M];AHNK_HUMAN;6,05687E+15;5,97074E+16;5,90469E+15;;2;1;[35]oxidation[M];5,97074E+16;5,73787E+15;1;MSLPDVDLDLK;AHNK_HUMAN((1067-1078))((Q09666));Q09666;No match
1012;NALESYAFNMKnan;NALESYAFNMK;";HS71A_HUMAN";5,49022E+15;5,15775E+16;5,00951E+15;;20;5,15775E+16;NALESYAFNMK10|[35]oxidation[M];";HS71A_HUMAN";6,76229E+15;6,78817E+16;6,89563E+15;;2;1;[35]oxidation[M];6,78817E+16;5,68242E+15;10;NALESYAFNMK;HS71A_HUMAN((540-551))((P0DMV8))||HS71L_HUMAN((542-553))((P34931));P0DMV8||HS71L_HUMAN;0.8457446808510638
1022;NHVQPYIPSILEALMVPTSQGFTEVRnan;NHVQPYIPSILEALMVPTSQGFTEVR;NIBA2_HUMAN;3,33726E+15;4,21123E+15;4,1006E+16;;20;4,1006E+16;NHVQPYIPSILEALMVPTSQGFTEVR15|[35]oxidation[M];NIBA2_HUMAN;5,76047E+15;5,82289E+15;5,81716E+15;;2;1;[35]oxidation[M];5,81716E+15;5,8654E+15;15;NHVQPYIPSILEALMVPTSQGFTEVR;NIBA2_HUMAN((337-363))((Q96TA1));Q96TA1;0.28191489361702127
1028;NLVTEDVMRnan;NLVTEDVMR;G6PI_HUMAN;5,40875E+15;4,82403E+14;5,45155E+14;;20;5,40875E+15;NLVTEDVMR8|[35]oxidation[M];G6PI_HUMAN;6,72315E+15;6,84385E+15;7,04647E+15;;2;1;[35]oxidation[M];6,84385E+15;5,58563E+14;8;NLVTEDVMR;G6PI_HUMAN((58-67))((P06744));P06744;0.05319148936170213
1037;NPHVALYALEVMESVVKnan;NPHVALYALEVMESVVK;HGS_HUMAN;5,08317E+15;5,33245E+16;4,92705E+15;;20;5,08317E+15;NPHVALYALEVMESVVK12|[35]oxidation[M];HGS_HUMAN;4,99551E+15;5,14553E+15;5,04247E+14;;2;1;[35]oxidation[M];5,04247E+14;4,9799E+15;12;NPHVALYALEVMESVVK;HGS_HUMAN((57-74))((O14964));O14964;0.015957446808510637
1043;NRELAILLGMLDPAEKnan;NRELAILLGMLDPAEK;PRDX6_HUMAN;4,69792E+15;5,09474E+16;4,66015E+16;;20;4,69792E+15;NRELAILLGMLDPAEK10|[35]oxidation[M];PRDX6_HUMAN;4,54361E+15;4,12673E+15;5,18416E+15;;2;1;[35]oxidation[M];4,54361E+15;4,91651E+15;10;NRELAILLGMLDPAEK;PRDX6_HUMAN((107-123))((P30041));P30041;0.005319148936170213
1054;NVHLQDEDYEIMQFAIQQSLLESSRnan;NVHLQDEDYEIMQFAIQQSLLESSR;AN13A_HUMAN;5,06709E+15;4,90517E+14;4,70501E+15;;20;4,90517E+14;NVHLQDEDYEIMQFAIQQSLLESSR12|[35]oxidation[M];AN13A_HUMAN;3,77116E+15;4,1386E+15;4,36476E+15;;2;1;[35]oxidation[M];4,1386E+15;4,57619E+16;12;NVHLQDEDYEIMQFAIQQSLLESSR;AN13A_HUMAN((477-502))((Q8IZ07));Q8IZ07;No PDB found
1059;PMQFLGDEETVRKnan;PMQFLGDEETVRK;PGAM1_HUMAN;5,1595E+15;5,17034E+16;4,87934E+15;;20;5,1595E+15;PMQFLGDEETVRK2|[35]oxidation[M];";PGAM1_HUMAN";6,56523E+15;6,33091E+15;6,54819E+15;;2;1;[35]oxidation[M];6,54819E+15;5,59307E+14;2;PMQFLGDEETVRK;PGAM1_HUMAN((229-242))((P18669))||PGAM2_HUMAN((229-242))((P15259));P18669||PGAM2_HUMAN;0.2074468085106383
1067;QDLPNAMNAAEITDKnan;QDLPNAMNAAEITDK;ARF1_HUMAN;4,43164E+14;4,12266E+16;4,68365E+16;;20;4,43164E+14;QDLPNAMNAAEITDK7|[35]oxidation[M];";ARF1_HUMAN";5,34681E+15;5,45234E+15;5,80531E+16;;2;1;[35]oxidation[M];5,45234E+15;5,51634E+15;7;QDLPNAMNAAEITDK;ARF3_HUMAN((128-143))((P61204))||ARF1_HUMAN((128-143))((P84077));P61204||ARF1_HUMAN;0.005319148936170213
1072;QFMAETQFTSGEKnan;QFMAETQFTSGEK;CAPR1_HUMAN;4,15948E+15;4,02438E+14;3,4389E+15;;20;4,02438E+14;QFMAETQFTSGEK3|[35]oxidation[M];CAPR1_HUMAN;6,12167E+16;6,16866E+14;5,77128E+15;;2;1;[35]oxidation[M];6,12167E+16;6,03355E+15;3;QFMAETQFTSGEK;CAPR1_HUMAN((298-311))((Q14444));Q14444;No match
1078;QLQDELEMLVERnan;QLQDELEMLVER;PSMD2_HUMAN;3,69681E+15;3,3512E+15;3,0198E+15;;20;3,3512E+15;QLQDELEMLVER8|[35]oxidation[M];PSMD2_HUMAN;5,14004E+15;5,40985E+15;5,38335E+16;;2;1;[35]oxidation[M];5,38335E+16;6,16328E+15;8;QLQDELEMLVER;PSMD2_HUMAN((51-63))((Q13200));Q13200;0.1595744680851064
1081;QLVARPDVVEMHDVTAQDPKnan;QLVARPDVVEMHDVTAQDPK;SF3B2_HUMAN;4,14319E+16;3,65653E+15;3,79944E+16;;20;3,79944E+16;QLVARPDVVEMHDVTAQDPK11|[35]oxidation[M];SF3B2_HUMAN;5,79423E+15;5,63011E+15;5,5983E+15;;2;1;[35]oxidation[M];5,63011E+15;5,97071E+15;11;QLVARPDVVEMHDVTAQDPK;SF3B2_HUMAN((467-487))((Q13435));Q13435;0.24468085106382978
1087;QMVIDVLHPGKnan;QMVIDVLHPGK;RS24_HUMAN;3,54671E+16;2,95737E+16;3,92798E+16;;20;3,54671E+16;QMVIDVLHPGK2|[35]oxidation[M];RS24_HUMAN;5,65896E+15;5,41868E+15;6,06384E+16;;2;1;[35]oxidation[M];5,65896E+15;6,14725E+15;2;QMVIDVLHPGK;RS24_HUMAN((22-33))((P62847));P62847;0.0
1100;QYYTLLNQAPDMLHRnan;QYYTLLNQAPDMLHR;G3BP1_HUMAN;4,68435E+15;4,2735E+14;4,37944E+15;;20;4,37944E+15;QYYTLLNQAPDMLHR12|[35]oxidation[M];G3BP1_HUMAN;6,39443E+15;6,46849E+15;6,61252E+15;;2;1;[35]oxidation[M];6,46849E+15;5,96288E+15;12;QYYTLLNQAPDMLHR;G3BP1_HUMAN((18-33))((Q13283));Q13283;0.44148936170212766
1107;RALEQQVEEMKnan;RALEQQVEEMK;MYH9_HUMAN;5,19278E+15;4,34705E+15;4,80212E+15;;20;4,80212E+15;RALEQQVEEMK10|[35]oxidation[M];MYH9_HUMAN;6,35143E+15;6,01E+15;5,90579E+15;;2;1;[35]oxidation[M];6,01E+15;5,55858E+15;10;RALEQQVEEMK;MYH9_HUMAN((1528-1539))((P35579));P35579;No match
1120;RFDDAVVQSDMKnan;RFDDAVVQSDMK;HSP7C_HUMAN;4,92881E+15;4,31036E+15;4,13307E+15;;20;4,31036E+15;RFDDAVVQSDMK11|[35]oxidation[M];HSP7C_HUMAN;6,60167E+14;6,58802E+15;6,66717E+15;;2;1;[35]oxidation[M];6,60167E+14;6,0499E+15;11;RFDDAVVQSDMK;HSP7C_HUMAN((77-89))((P11142));P11142;0.18617021276595744
1135;RLEEASLLHQFQADADDIDAWMLDILKnan;RLEEASLLHQFQADADDIDAWMLDILK;SPTB2_HUMAN;4,98336E+15;3,69629E+16;2,77823E+14;;20;3,69629E+16;RLEEASLLHQFQADADDIDAWMLDILK22|[35]oxidation[M];SPTB2_HUMAN;6,01904E+15;5,71763E+15;5,99817E+15;;2;1;[35]oxidation[M];5,99817E+15;6,18721E+15;22;RLEEASLLHQFQADADDIDAWMLDILK;SPTB2_HUMAN((739-766))((Q01082));Q01082;No match
1145;RLLEDGEDFNLGDALDSSNSMQTIQKnan;RLLEDGEDFNLGDALDSSNSMQTIQK;K1C18_HUMAN;4,75637E+15;4,11741E+14;4,56399E+16;;20;4,56399E+16;RLLEDGEDFNLGDALDSSNSMQTIQK21|[35]oxidation[M];K1C18_HUMAN;6,17397E+15;5,88734E+15;6,29179E+15;;2;1;[35]oxidation[M];6,17397E+15;5,74967E+15;21;RLLEDGEDFNLGDALDSSNSMQTIQK;K1C18_HUMAN((382-408))((P05783));P05783;No PDB found
1153;RPDLLTMVVDYRnan;RPDLLTMVVDYR;PEA15_HUMAN;5,27417E+15;3,95313E+16;4,32511E+14;;20;4,32511E+14;RPDLLTMVVDYR7|[35]oxidation[M];PEA15_HUMAN;6,42045E+15;6,34712E+15;6,25132E+15;;2;1;[35]oxidation[M];6,34712E+15;5,94732E+15;7;RPDLLTMVVDYR;PEA15_HUMAN((72-84))((Q15121));Q15121;0.35638297872340424
1166;SDIGEVILVGGMTRnan;SDIGEVILVGGMTR;GRP75_HUMAN;5,24751E+15;4,86035E+15;4,66584E+15;;20;4,86035E+15;SDIGEVILVGGMTR12|[35]oxidation[M];GRP75_HUMAN;6,32604E+15;6,35387E+15;6,19154E+15;;2;1;[35]oxidation[M];6,32604E+15;5,65512E+14;12;SDIGEVILVGGMTR;GRP75_HUMAN((378-392))((P38646));P38646;0.0851063829787234
1178;SDLEAQMESLKnan;SDLEAQMESLK;KT33B_HUMAN;6,04752E+15;6,07663E+15;5,57507E+15;;20;6,04752E+15;SDLEAQMESLK7|[35]oxidation[M];KT33B_HUMAN;6,61291E+15;6,82998E+15;6,63966E+14;;2;1;[35]oxidation[M];6,63966E+14;5,23336E+14;7;SDLEAQMESLK;KT33B_HUMAN((174-185))((Q14525));Q14525;No PDB found
1183;SEMLEIVQAIYKnan;SEMLEIVQAIYK;HPCL1_HUMAN;4,66641E+15;4,66953E+15;3,52198E+16;;20;4,66641E+15;SEMLEIVQAIYK3|[35]oxidation[M];HPCL1_HUMAN;5,77097E+15;5,53624E+15;5,15027E+15;;2;1;[35]oxidation[M];5,53624E+15;5,42628E+15;3;SEMLEIVQAIYK;HPCL1_HUMAN((119-131))((P37235));P37235;0.06914893617021277
1191;SGSMDPSGAHPSVRnan;SGSMDPSGAHPSVR;KHDR1_HUMAN;4,95125E+15;4,7106E+15;4,38865E+15;;20;4,7106E+15;SGSMDPSGAHPSVR4|[35]oxidation[M];KHDR1_HUMAN;6,52189E+15;6,33644E+15;6,48173E+15;;2;1;[35]oxidation[M];6,48173E+15;5,79122E+15;4;SGSMDPSGAHPSVR;KHDR1_HUMAN((18-32))((Q07666));Q07666;No match
1202;SINPLGGFVHYGEVTNDFVMLKnan;SINPLGGFVHYGEVTNDFVMLK;RL3_HUMAN;4,55565E+15;3,92302E+15;5,22794E+15;;20;4,55565E+15;SINPLGGFVHYGEVTNDFVMLK20|[35]oxidation[M];RL3_HUMAN;6,48149E+15;6,1375E+16;6,89051E+15;;2;1;[35]oxidation[M];6,48149E+15;5,87243E+15;20;SINPLGGFVHYGEVTNDFVMLK;RL3_HUMAN((313-335))((P39023));P39023;No PDB found
1210;SMAVAARnan;SMAVAAR;MYH9_HUMAN;6,22726E+15;5,71896E+15;5,56489E+15;;20;5,71896E+15;SMAVAAR2|[35]oxidation[M];MYH9_HUMAN;7,44743E+15;5,26202E+16;4,95666E+15;;2;1;[35]oxidation[M];5,26202E+16;4,79194E+15;2;SMAVAAR;MYH9_HUMAN((1606-1613))((P35579));P35579;No match
1236;SNDPVATAFAEMLKnan;SNDPVATAFAEMLK;TMOD3_HUMAN;5,37187E+16;4,6709E+15;4,54432E+15;;20;4,6709E+15;SNDPVATAFAEMLK12|[35]oxidation[M];TMOD3_HUMAN;5,71311E+15;5,51693E+15;5,62916E+15;;2;1;[35]oxidation[M];5,62916E+15;5,46517E+15;12;SNDPVATAFAEMLK;TMOD3_HUMAN((239-253))((Q9NYL9));Q9NYL9;No PDB found
1245;SNPEIQDFMRnan;SNPEIQDFMR;HEXA_HUMAN;4,37973E+15;3,62058E+16;4,34704E+15;;20;4,34704E+15;SNPEIQDFMR9|[35]oxidation[M];HEXA_HUMAN;5,3351E+15;5,19756E+15;5,47238E+15;;2;1;[35]oxidation[M];5,3351E+15;5,51025E+15;9;SNPEIQDFMR;HEXA_HUMAN((331-341))((P06865));P06865;0.0
1249;SRAEAESMYQIKnan;SRAEAESMYQIK;K2C8_HUMAN;5,14712E+15;4,5876E+15;4,49815E+15;;20;4,5876E+15;SRAEAESMYQIK8|[35]oxidation[M];K2C8_HUMAN;6,53635E+15;6,46815E+15;6,48136E+14;;2;1;[35]oxidation[M];6,48136E+14;5,85544E+15;8;SRAEAESMYQIK;K2C8_HUMAN((274-286))((P05787));P05787;No match
1259;SREEAAAGTIPGALNIPVSELESALQMEPAAFQALYSAEKnan;SREEAAAGTIPGALNIPVSELESALQMEPAAFQALYSAEK;TSTD1_HUMAN;4,84756E+15;4,62474E+16;3,71437E+16;;20;4,62474E+16;SREEAAAGTIPGALNIPVSELESALQMEPAAFQALYSAEK27|[35]oxidation[M];TSTD1_HUMAN;5,39393E+15;4,89847E+15;4,63145E+15;;2;1;[35]oxidation[M];4,89847E+15;5,14372E+15;27;SREEAAAGTIPGALNIPVSELESALQMEPAAFQALYSAEK;TSTD1_HUMAN((28-68))((Q8NFU3));Q8NFU3;0.2074468085106383
1269;SRLGDLYEEEMRnan;SRLGDLYEEEMR;VIME_HUMAN;5,55959E+15;4,32117E+15;5,38358E+14;;20;5,38358E+14;SRLGDLYEEEMR11|[35]oxidation[M];VIME_HUMAN;6,37384E+14;6,06191E+15;6,51297E+15;;2;1;[35]oxidation[M];6,37384E+14;5,42112E+15;11;SRLGDLYEEEMR;VIME_HUMAN((144-156))((P08670));P08670;0.19680851063829788
1291;SSTPEEVKKnan;SSTPEEVKK;COF1_HUMAN;6,69083E+15;6,79731E+15;6,8987E+15;;20;6,79731E+15;SSTPEEVKK8|[6]Carboxymethyl[K];COF1_HUMAN;5,21775E+15;5,37206E+15;5,38559E+14;;2;1;[6]Carboxymethyl[K];5,37206E+15;4,41441E+15;8;SSTPEEVKK;COF1_HUMAN((23-32))((P23528));P23528;0.5707317073170731
1299;SWTAADMAAQITKnan;SWTAADMAAQITK;HLAA_HUMAN;4,64851E+15;4,89589E+15;3,84871E+15;;20;4,64851E+15;SWTAADMAAQITK7|[35]oxidation[M];HLAA_HUMAN;5,77104E+15;5,74789E+15;5,77869E+15;;2;1;[35]oxidation[M];5,77104E+15;5,53866E+15;7;SWTAADMAAQITK;HLAH_HUMAN((156-169))((P01893))||HLAA_HUMAN((156-169))((P04439));P01893||HLAA_HUMAN;No PDB found
1309;TDAAVEMKnan;TDAAVEMK;DREB_HUMAN;4,74605E+15;4,51124E+14;4,18955E+15;;20;4,51124E+14;TDAAVEMK7|[35]oxidation[M];DREB_HUMAN;6,1124E+15;6,36685E+15;6,30638E+15;;2;1;[35]oxidation[M];6,30638E+15;5,82973E+15;7;TDAAVEMK;DREB_HUMAN((166-174))((Q16643));Q16643;No match
1315;TFEMSDFIVDTRnan;TFEMSDFIVDTR;FLNB_HUMAN;5,77856E+15;5,55094E+15;5,41243E+15;;20;5,55094E+15;TFEMSDFIVDTR4|[35]oxidation[M];FLNB_HUMAN;6,5479E+15;6,57742E+15;6,4092E+15;;2;1;[35]oxidation[M];6,5479E+15;5,41201E+15;4;TFEMSDFIVDTR;FLNB_HUMAN((2017-2029))((O75369));O75369;0.48404255319148937
1328;TGQPMIHIYLDKnan;TGQPMIHIYLDK;EWS_HUMAN;4,76433E+15;4,17548E+15;4,06006E+15;;20;4,17548E+15;TGQPMIHIYLDK5|[35]oxidation[M];EWS_HUMAN;5,93864E+15;5,94056E+16;5,80476E+16;;2;1;[35]oxidation[M];5,93864E+15;5,87163E+15;5;TGQPMIHIYLDK;EWS_HUMAN((393-405))((Q01844));Q01844;0.4095744680851064
1338;TIDAHGLMVLPGGVDVHTRnan;TIDAHGLMVLPGGVDVHTR;DPYL4_HUMAN;3,06298E+14;3,25898E+15;3,03071E+16;;20;3,06298E+14;TIDAHGLMVLPGGVDVHTR8|[35]oxidation[M];DPYL4_HUMAN;4,69197E+15;4,95716E+15;4,85964E+14;;2;1;[35]oxidation[M];4,85964E+14;6,13388E+15;8;TIDAHGLMVLPGGVDVHTR;DPYL4_HUMAN((57-76))((O14531));O14531;0.09574468085106383
1341;TLMALGSLAVTKnan;TLMALGSLAVTK;TAGL_HUMAN;4,70991E+15;4,68589E+16;4,37888E+15;;20;4,68589E+16;TLMALGSLAVTK3|[35]oxidation[M];TAGL_HUMAN;6,25341E+14;6,28641E+15;6,1449E+15;;2;1;[35]oxidation[M];6,25341E+14;5,71646E+15;3;TLMALGSLAVTK;TAGL_HUMAN((129-141))((Q01995));Q01995;No PDB found
1359;TLSHPQQMALLDQTKnan;TLSHPQQMALLDQTK;TLN1_HUMAN;5,34397E+14;4,99852E+15;4,80848E+15;;20;4,99852E+15;TLSHPQQMALLDQTK8|[35]oxidation[M];TLN1_HUMAN;5,81238E+16;5,60752E+15;5,76732E+13;;2;1;[35]oxidation[M];5,76732E+13;5,35706E+14;8;TLSHPQQMALLDQTK;TLN1_HUMAN((1752-1767))((Q9Y490));Q9Y490;0.18617021276595744
1367;TLVSTVGSMVFNEGEAQRnan;TLVSTVGSMVFNEGEAQR;RRBP1_HUMAN;3,02931E+15;2,77524E+16;2,62461E+16;;20;2,77524E+16;TLVSTVGSMVFNEGEAQR9|[35]oxidation[M];RRBP1_HUMAN;4,73657E+15;4,77629E+15;5,02163E+16;;2;1;[35]oxidation[M];4,77629E+15;6,32493E+15;9;TLVSTVGSMVFNEGEAQR;RRBP1_HUMAN((652-670))((Q9P2E9));Q9P2E9;No PDB found
1380;TMLELLNQLDGFDSRnan;TMLELLNQLDGFDSR;PRS4_HUMAN;5,26167E+16;4,98257E+15;4,96646E+14;;20;4,98257E+15;TMLELLNQLDGFDSR2|[35]oxidation[M];PRS4_HUMAN;5,42026E+15;5,63259E+14;5,51472E+15;;2;1;[35]oxidation[M];5,51472E+15;5,25347E+15;2;TMLELLNQLDGFDSR;PRS4_HUMAN((308-323))((P62191));P62191;0.26595744680851063
1390;TSSSIPPIILLQFLHMAFPQFAEKnan;TSSSIPPIILLQFLHMAFPQFAEK;UBP14_HUMAN;3,65695E+15;3,59244E+16;3,59867E+16;;20;3,59867E+16;TSSSIPPIILLQFLHMAFPQFAEK16|[35]oxidation[M];UBP14_HUMAN;4,99428E+15;4,96693E+16;4,89058E+16;;2;1;[35]oxidation[M];4,96693E+16;5,7987E+14;16;TSSSIPPIILLQFLHMAFPQFAEK;UBP14_HUMAN((166-190))((P54578));P54578;0.7659574468085106
1393;TVSLGAGAKDELHIVEAEAMNYEGSPIKnan;TVSLGAGAKDELHIVEAEAMNYEGSPIK;NPM_HUMAN;3,25674E+16;2,76763E+16;3,72357E+15;;20;3,25674E+16;TVSLGAGAKDELHIVEAEAMNYEGSPIK20|[35]oxidation[M];NPM_HUMAN;6,17879E+16;5,22859E+16;5,96087E+15;;2;1;[35]oxidation[M];5,96087E+15;6,46683E+15;20;TVSLGAGAKDELHIVEAEAMNYEGSPIK;NPM_HUMAN((46-74))((P06748));P06748;0.4734042553191489
1400;VAYTEADYYHTELWMEQALRnan;VAYTEADYYHTELWMEQALR;P4HA1_HUMAN;4,55379E+15;4,47506E+15;4,3698E+16;;20;4,47506E+15;VAYTEADYYHTELWMEQALR15|[35]oxidation[M];P4HA1_HUMAN;5,59303E+15;5,49824E+14;5,62714E+15;;2;1;[35]oxidation[M];5,59303E+15;5,55521E+15;15;VAYTEADYYHTELWMEQALR;P4HA1_HUMAN((173-193))((P13674));P13674;0.0
1405;VDIDAPDVEVHDPDWHLKnan;VDIDAPDVEVHDPDWHLK;AHNK_HUMAN;6,60307E+15;6,21448E+15;6,27728E+14;;20;6,27728E+14;VDIDAPDVEVHDPDWHLK6|[1922]Pro->HAVA[P];AHNK_HUMAN;2,92423E+14;;3,80432E+15;;2;1;[1922]Pro->HAVA[P];3,36427E+16;3,48935E+15;6;VDIDAPDVEVHDPDWHLK;AHNK_HUMAN((1694-1712))((Q09666));Q09666;No match
1410;VEFMDDTSRnan;VEFMDDTSR;RS28_HUMAN;5,87594E+15;5,71977E+14;5,5155E+15;;20;5,71977E+14;VEFMDDTSR4|[35]oxidation[M];RS28_HUMAN;6,88303E+15;6,94726E+15;6,92925E+15;;2;1;[35]oxidation[M];6,92925E+15;5,47809E+14;4;VEFMDDTSR;RS28_HUMAN((32-41))((P62857));P62857;0.39893617021276595
1426;VELDNMPLRnan;VELDNMPLR;NONO_HUMAN;3,92488E+15;4,18992E+15;3,91633E+16;;20;3,92488E+15;VELDNMPLR6|[35]oxidation[M];NONO_HUMAN;5,2117E+15;5,29893E+15;5,45983E+15;;2;1;[35]oxidation[M];5,29893E+15;5,74484E+15;6;VELDNMPLR;NONO_HUMAN((127-136))((Q15233));Q15233;0.2925531914893617
1428;VFELMTSLHTKnan;VFELMTSLHTK;PSME1_HUMAN;5,00338E+15;4,67042E+15;4,4921E+15;;20;4,67042E+15;VFELMTSLHTK5|[35]oxidation[M];PSME1_HUMAN;6,10266E+15;6,0177E+15;5,95936E+15;;2;1;[35]oxidation[M];6,0177E+15;5,63027E+15;5;VFELMTSLHTK;PSME1_HUMAN((156-167))((Q06323));Q06323;0.0
1445;VGNVEYFGLGNSPGFPLQYYPYYGKnan;VGNVEYFGLGNSPGFPLQYYPYYGK;AT1B1_HUMAN;5,6244E+15;6,21005E+15;6,05135E+16;;20;6,05135E+16;VGNVEYFGLGNSPGFPLQYYPYYGK16|[1922]Pro->HAVA[P];AT1B1_HUMAN;3,79763E+16;4,34007E+15;5,0159E+15;;2;1;[1922]Pro->HAVA[P];4,34007E+15;4,17659E+16;16;VGNVEYFGLGNSPGFPLQYYPYYGK;AT1B1_HUMAN((224-249))((P05026));P05026;0.007352941176470588
1451;VIESTQDLGNDLAGVMALQRnan;VIESTQDLGNDLAGVMALQR;SPTB2_HUMAN;4,26992E+15;4,45503E+15;3,69151E+16;;20;4,26992E+15;VIESTQDLGNDLAGVMALQR16|[35]oxidation[M];SPTB2_HUMAN;5,64342E+15;5,97099E+15;5,88869E+15;;2;1;[35]oxidation[M];5,88869E+15;5,79674E+15;16;VIESTQDLGNDLAGVMALQR;SPTB2_HUMAN((977-997))((Q01082));Q01082;No match
1464;VLAVNQENEHLMEDYEKnan;VLAVNQENEHLMEDYEK;ACTN4_HUMAN;6,12216E+15;5,71629E+15;5,96864E+14;;20;5,96864E+14;VLAVNQENEHLMEDYEK12|[35]oxidation[M];ACTN4_HUMAN;6,96146E+15;6,96805E+15;6,88812E+15;;2;1;[35]oxidation[M];6,96146E+15;5,38392E+15;12;VLAVNQENEHLMEDYEK;ACTN4_HUMAN((284-301))((O43707));O43707;No match
1488;VLEGMEVVRnan;VLEGMEVVR;PPIB_HUMAN;5,8342E+15;5,74584E+15;5,69127E+15;;20;5,74584E+15;VLEGMEVVR5|[35]oxidation[M];PPIB_HUMAN;6,59457E+15;6,61301E+15;6,58495E+16;;2;1;[35]oxidation[M];6,59457E+15;5,34388E+15;5;VLEGMEVVR;PPIB_HUMAN((172-181))((P23284));P23284;0.2393617021276596
1503;VLGMDPLPSKnan;VLGMDPLPSK;ILF3_HUMAN;4,21785E+15;4,02836E+16;3,9662E+16;;20;4,02836E+16;VLGMDPLPSK4|[35]oxidation[M];ILF3_HUMAN;5,98825E+15;6,0002E+15;6,07445E+15;;2;1;[35]oxidation[M];6,0002E+15;5,98311E+14;4;VLGMDPLPSK;ILF3_HUMAN((333-343))((Q12906));Q12906;No match
1509;VLGMTLIQKnan;VLGMTLIQK;LGUL_HUMAN;5,19229E+15;4,70515E+15;4,74424E+15;;20;4,74424E+15;VLGMTLIQK4|[35]oxidation[M];LGUL_HUMAN;6,18409E+15;6,15728E+15;5,88255E+15;;2;1;[35]oxidation[M];6,15728E+15;5,6481E+15;4;VLGMTLIQK;LGUL_HUMAN((52-61))((Q04760));Q04760;0.005319148936170213
1517;VLVDMSRnan;VLVDMSR;TCPB_HUMAN;4,5816E+15;4,37999E+15;4,1676E+15;;20;4,37999E+15;VLVDMSR5|[35]oxidation[M];TCPB_HUMAN;5,99957E+15;5,96107E+15;6,11018E+15;;2;1;[35]oxidation[M];5,99957E+15;5,78018E+15;5;VLVDMSR;TCPB_HUMAN((83-90))((P78371));P78371;0.09042553191489362
1524;VMQEQGTHPKnan;VMQEQGTHPK;MYH9_HUMAN;2,65492E+15;4,88513E+15;4,67696E+15;;20;4,67696E+15;VMQEQGTHPK2|[35]oxidation[M];MYH9_HUMAN;6,77357E+15;6,78178E+14;7,282E+15;;2;1;[35]oxidation[M];6,78178E+14;5,91843E+15;2;VMQEQGTHPK;MYH9_HUMAN((546-556))((P35579));P35579;No match
1540;VNFAMNVGKnan;VNFAMNVGK;KPYM_HUMAN;5,1259E+15;5,07556E+15;5,04741E+15;;20;5,07556E+15;VNFAMNVGK5|[35]oxidation[M];KPYM_HUMAN;6,51466E+15;6,52577E+15;6,57548E+14;;2;1;[35]oxidation[M];6,52577E+15;5,62502E+15;5;VNFAMNVGK;KPYM_HUMAN((490-499))((P14618));P14618;0.02127659574468085
1548;VPSTEAEALASSLMGLFEKnan;VPSTEAEALASSLMGLFEK;GDIB_HUMAN;3,40008E+16;3,00222E+16;4,17515E+15;;20;3,40008E+16;VPSTEAEALASSLMGLFEK14|[35]oxidation[M];GDIB_HUMAN;4,57356E+15;4,55E+15;5,29747E+15;;2;1;[35]oxidation[M];4,57356E+15;5,73585E+15;14;VPSTEAEALASSLMGLFEK;GDIB_HUMAN((119-138))((P50395));P50395;No PDB found
1551;VQHQDALQISDVVMASLLRnan;VQHQDALQISDVVMASLLR;IMB1_HUMAN;4,81839E+15;4,26805E+16;4,33764E+15;;20;4,33764E+15;VQHQDALQISDVVMASLLR14|[35]oxidation[M];IMB1_HUMAN;4,51105E+13;4,60205E+15;4,59816E+16;;2;1;[35]oxidation[M];4,59816E+16;5,14578E+14;14;VQHQDALQISDVVMASLLR;IMB1_HUMAN((595-614))((Q14974));Q14974;0.02127659574468085
1557;VSSIDLEIDSLSSLLDDMTKnan;VSSIDLEIDSLSSLLDDMTK;ZYX_HUMAN;4,74099E+14;4,551E+15;3,44127E+16;;20;4,551E+15;VSSIDLEIDSLSSLLDDMTK18|[35]oxidation[M];ZYX_HUMAN;5,30866E+14;6,19102E+15;5,58898E+15;;2;1;[35]oxidation[M];5,58898E+15;5,51183E+15;18;VSSIDLEIDSLSSLLDDMTK;ZYX_HUMAN((141-161))((Q15942));Q15942;No PDB found
1567;VTYTPMAPGSYLISIKnan;VTYTPMAPGSYLISIK;FLNA_HUMAN;4,72391E+15;4,63148E+15;4,52313E+15;;20;4,63148E+15;VTYTPMAPGSYLISIK6|[35]oxidation[M];FLNA_HUMAN;6,52924E+15;6,65696E+15;6,82041E+15;;2;1;[35]oxidation[M];6,65696E+15;5,89715E+15;6;VTYTPMAPGSYLISIK;FLNA_HUMAN((2485-2501))((P21333));P21333;0.35106382978723405
1582;WHEEVEIYRnan;WHEEVEIYR;P15497;5,18719E+16;5,33431E+15;4,91647E+15;;20;5,18719E+16;WHEEVEIYR1|[351]Trp->Kynurenin[W];sp|P15497;5,30903E+15;5,22907E+15;4,97759E+14;;2;1;[351]Trp->Kynurenin[W];5,22907E+15;5,0201E+15;1;WHEEVEIYR;sp|P15497((131-140))((sp|P15497));sp|P15497;No PDB found
1589;WMEEQAQSLIDKnan;WMEEQAQSLIDK;RU1C_HUMAN;4,94582E+15;4,81964E+15;4,4338E+16;;20;4,81964E+15;WMEEQAQSLIDK2|[35]oxidation[M];RU1C_HUMAN;6,41965E+15;6,36087E+16;6,19767E+15;;2;1;[35]oxidation[M];6,36087E+16;5,68925E+15;2;WMEEQAQSLIDK;RU1C_HUMAN((41-53))((P09234));P09234;0.4787234042553192
1600;YGIVDYMIEQSGPPSKnan;YGIVDYMIEQSGPPSK;PDIA4_HUMAN;4,12857E+15;4,03652E+15;4,1148E+15;;20;4,1148E+15;YGIVDYMIEQSGPPSK7|[35]oxidation[M];PDIA4_HUMAN;5,4366E+15;5,24951E+15;5,46091E+15;;2;1;[35]oxidation[M];5,4366E+15;5,69194E+15;7;YGIVDYMIEQSGPPSK;PDIA4_HUMAN((273-289))((P13667));P13667;0.0
