Column1;PC1;PC2;Unnamed: 0;Project;Treatment
0;-10,36637934;-3,084472772;Intensity_QX01983;PXD014381;Control
1;-10,36492277;-3,125995595;Intensity_QX01981_160316090220;PXD014381;Control
2;-10,31811911;-2,941216526;Intensity_QX01867;PXD014381;Control
3;-10,26582684;-3,012019357;Intensity_QX01870;PXD014381;Control
4;-10,16333155;-3,121706636;Intensity_QX01873;PXD014381;Control
5;-10,38718531;-3,101718284;Intensity_QX01862;PXD014381;Diamide
6;-10,43889683;-3,05617361;Intensity_QX01865;PXD014381;Diamide
7;-10,45921218;-3,055463483;Intensity_QX01868;PXD014381;Diamide
8;-10,27080381;-3,224984535;Intensity_QX01984;PXD014381;Diamide
9;-10,22737896;-3,149347972;Intensity_QX01874;PXD014381;Diamide
10;-10,13254141;-2,977961462;Intensity_QX01860;PXD014381;RA
11;-10,44770771;-2,956267045;Intensity_QX01863;PXD014381;RA
12;-10,20361891;-2,857624562;Intensity_QX01866;PXD014381;RA
13;-10,453686;-2,983855372;Intensity_QX01869;PXD014381;RA
14;-10,13260875;-3,043659308;Intensity_QX01872;PXD014381;RA
15;-10,74181097;-1,729376083;Intensity_111017-MCF10A-RFP-gal-to-gal-wcl-D1-07;PXD015122;Control_ltGal
16;-10,75455063;-2,418972562;Intensity_111017-MCF10A-RFP-gal-to-gal-wcl-D2-19;PXD015122;Control_ltGal
17;-10,62390574;-1,992592143;Intensity_111717-MCF10A-RFP-gal-to-gal-wcl-JS-30ACN-D1-07;PXD015122;Control_ltGal
18;-10,60849016;-1,675182273;Intensity_111717-MCF10A-RFP-gal-to-gal-wcl-JS-30ACN-D2-19;PXD015122;Control_ltGal
19;-10,99901152;-2,566737173;Intensity_111017-MCF10A-RFP-glu-to-glu-wcl-D1-02;PXD015122;Control_ltGlu
20;-10,87313261;-2,746551475;Intensity_111017-MCF10A-RFP-glu-to-glu-wcl-D2-14;PXD015122;Control_ltGlu
21;-10,60371921;-2,148052445;Intensity_111717-MCF10A-RFP-glu-to-glu-wcl-JS-30ACN-D1-02;PXD015122;Control_ltGlu
22;-10,78288968;-2,046709084;Intensity_111717-MCF10A-RFP-glu-to-glu-wcl-JS-30ACN-D2-14;PXD015122;Control_ltGlu
23;-10,88602142;-2,252133455;Intensity_111017-MCF10A-RFP-glu-to-gal-wcl-D1-04;PXD015122;Control_stGal
24;-10,92629798;-2,167261628;Intensity_111017-MCF10A-RFP-glu-to-gal-wcl-D2-16;PXD015122;Control_stGal
25;-10,89261252;-2,308054347;Intensity_111717-MCF10A-RFP-glu-to-gal-wcl-JS-30ACN-D1-04;PXD015122;Control_stGal
26;-10,83889164;-2,30973252;Intensity_111717-MCF10A-RFP-glu-to-gal-wcl-JS-30ACN-D2-16;PXD015122;Control_stGal
27;-10,64719372;-2,315502316;Intensity_111017-MCF10A-mAKT-gal-to-gal-wcl-D1-10;PXD015122;mAKT_ltGal
28;-10,76662007;-2,386196821;Intensity_111017-MCF10A-mAKT-gal-to-gal-wcl-D2-22;PXD015122;mAKT_ltGal
29;-11,05541038;-2,582937224;Intensity_111717-MCF10A-mAKT-gal-to-gal-wcl-JS-30ACN-D1-10;PXD015122;mAKT_ltGal
30;-11,16542542;-2,568437997;Intensity_111717-MCF10A-mAKT-gal-to-gal-wcl-JS-30ACN-D2-22;PXD015122;mAKT_ltGal
31;-10,84892931;-2,135958033;Intensity_111017-MCF10A-mAKT-glu-to-glu-wcl-D1-06;PXD015122;mAKT_ltGlu
32;-10,70607396;-2,413568732;Intensity_111017-MCF10A-mAKT-glu-to-glu-wcl-D2-18;PXD015122;mAKT_ltGlu
33;-10,99243459;-2,704926559;Intensity_111717-MCF10A-mAKT-glu-to-glu-wcl-JS-30ACN-D1-06;PXD015122;mAKT_ltGlu
34;-10,90944313;-2,622865164;Intensity_111717-MCF10A-mAKT-glu-to-glu-wcl-JS-30ACN-D2-18;PXD015122;mAKT_ltGlu
35;-10,72261174;-2,189306288;Intensity_111017-MCF10A-mAKT-glu-to-gal-wcl-D1-03;PXD015122;mAKT_stGal
36;-10,55319014;-2,384550229;Intensity_111017-MCF10A-mAKT-glu-to-gal-wcl-D2-15;PXD015122;mAKT_stGal
37;-10,84288808;-2,064030415;Intensity_111717-MCF10A-mAKT-glu-to-gal-wcl-JS-30ACN-D1-03;PXD015122;mAKT_stGal
38;-10,7531398;-2,47056707;Intensity_111717-MCF10A-mAKT-glu-to-gal-wcl-JS-30ACN-D2-15;PXD015122;mAKT_stGal
39;-10,83613938;-2,233819632;Intensity_111017-MCF10A-MYC-gal-to-gal-wcl-D1-08;PXD015122;MYC_ltGal
40;-10,76683718;-2,132757088;Intensity_111017-MCF10A-MYC-gal-to-gal-wcl-D2-20;PXD015122;MYC_ltGal
41;-10,98366576;-2,095421826;Intensity_111717-MCF10A-MYC-gal-to-gal-wcl-JS-30ACN-D1-08;PXD015122;MYC_ltGal
42;-10,94545124;-2,403886626;Intensity_111717-MCF10A-MYC-gal-to-gal-wcl-JS-30ACN-D2-20;PXD015122;MYC_ltGal
43;-10,63778038;-2,041774291;Intensity_111017-MCF10A-MYC-glu-to-glu-wcl-D1-05;PXD015122;MYC_ltGlu
44;-10,50812434;-2,180271959;Intensity_111017-MCF10A-MYC-glu-to-glu-wcl-D2-17;PXD015122;MYC_ltGlu
45;-11,20033175;-2,411366743;Intensity_111717-MCF10A-MYC-glu-to-glu-wcl-JS-30ACN-D1-05;PXD015122;MYC_ltGlu
46;-11,1563902;-2,386302263;Intensity_111717-MCF10A-MYC-glu-to-glu-wcl-JS-30ACN-D2-17;PXD015122;MYC_ltGlu
47;-10,75469907;-1,957840709;Intensity_111017-MCF10A-MYC-glu-to-gal-wcl-D1-09;PXD015122;MYC_stGal
48;-10,688232;-1,833292386;Intensity_111017-MCF10A-MYC-glu-to-gal-wcl-D2-21;PXD015122;MYC_stGal
49;-10,51946658;-2,592250377;Intensity_111717-MCF10A-MYC-glu-to-gal-wcl-JS-30ACN-D1-09;PXD015122;MYC_stGal
50;-10,55908101;-2,413853631;Intensity_111717-MCF10A-MYC-glu-to-gal-wcl-JS-30ACN-D2-21;PXD015122;MYC_stGal
51;7,077881241;-0,931938514;Intensity_1DLC012615QE_RRAG_014B_rep4;PXD012477;Healthy
52;5,405182467;-1,08084818;Intensity_1DLC121914QE_RRAG_029_rep4;PXD012477;Healthy
53;6,196841967;-1,126204029;Intensity_1DLC122214QE_RRAG_040_rep4;PXD012477;Healthy
54;-1,671886842;-0,837237185;Intensity_1DLC071515QE_RRAG_058B_rep2;PXD012477;Non-Healthy
55;5,537057207;-0,576984138;Intensity_1DLC121514QE_RRAG_019_rep2;PXD012477;Healthy
56;6,09727906;-0,90543837;Intensity_1DLC123114QE_RRAG_064_rep4;PXD012477;Non-Healthy
57;6,820474213;-0,511135054;Intensity_1DLC121514QE_RRAG_017_rep2;PXD012477;Non-Healthy
58;7,421504707;0,974345285;Intensity_1DLC122914QE_RRAG_059_rep4;PXD012477;Non-Healthy
59;6,506805133;-0,315413607;Intensity_1DLC122514QE_RRAG_045_rep4;PXD012477;Non-Healthy
60;-2,398943579;-1,52817355;Intensity_1DLC062715QE_RRAG_044B_rep4;PXD012477;Non-Healthy
61;-3,659526387;-1,267162305;Intensity_1DLC051815QE_RRAG_029B_rep2;PXD012477;Healthy
62;5,197126418;-1,174643166;Intensity_1DLC123114QE_RRAG_062_rep4;PXD012477;Non-Healthy
63;-3,67436504;-1,199398316;Intensity_1DLC051815QE_RRAG_029B_rep3;PXD012477;Healthy
64;4,595847404;0,422782731;Intensity_1DLC120314QE_RRAG_008_rep2;PXD012477;Non-Healthy
65;5,481622189;-1,09706223;Intensity_1DLC121414QE_RRAG_011_rep4;PXD012477;Healthy
66;5,968052149;-0,764781226;Intensity_1DLC121414QE_RRAG_016_rep1;PXD012477;Non-Healthy
67;-3,21725272;-1,68025337;Intensity_1DLC060615QE_RRAG_037B_rep1;PXD012477;Healthy
68;3,451902744;-0,578746576;Intensity_1DLC120314QE_RRAG_001_rep1;PXD012477;Healthy
69;-3,101336884;-1,325552052;Intensity_1DLC060615QE_RRAG_036B_rep3;PXD012477;Healthy
70;6,2862118;-0,870606756;Intensity_1DLC122514QE_RRAG_042_rep1;PXD012477;Healthy
71;6,438148775;0,635326257;Intensity_1DLC012615QE_RRAG_007B_rep4;PXD012477;Non-Healthy
72;-3,191288607;-1,060997667;Intensity_1DLC071515QE_RRAG_060B_rep3;PXD012477;Healthy
73;5,935228777;-0,808514549;Intensity_1DLC121514QE_RRAG_024_rep1;PXD012477;Healthy
74;6,642805927;-1,336823841;Intensity_1DLC122214QE_RRAG_040_rep2;PXD012477;Healthy
75;6,516846;-0,391215004;Intensity_1DLC122214QE_RRAG_039_rep4;PXD012477;Non-Healthy
76;7,29811372;1,037681155;Intensity_1DLC012615QE_RRAG_012B_rep2;PXD012477;Non-Healthy
77;-2,759989783;-1,380453085;Intensity_1DLC051815QE_RRAG_027B_rep3;PXD012477;Non-Healthy
78;-3,193497363;-0,978452472;Intensity_1DLC060615QE_RRAG_031B_rep1;PXD012477;Non-Healthy
79;6,665141903;-0,579421271;Intensity_1DLC122514QE_RRAG_044_rep2;PXD012477;Non-Healthy
80;7,496626079;0,059545533;Intensity_1DLC120314QE_RRAG_006_rep3;PXD012477;Healthy
81;6,922577563;0,222977153;Intensity_1DLC122914QE_RRAG_055_rep4;PXD012477;Non-Healthy
82;7,534689663;-0,399894292;Intensity_1DLC122214QE_RRAG_034_rep1;PXD012477;Healthy
83;-4,107146072;-1,08371171;Intensity_1DLC060615QE_RRAG_031B_rep4;PXD012477;Non-Healthy
84;-4,118329703;-0,467036157;Intensity_1DLC062715QE_RRAG_043B_rep3;PXD012477;Non-Healthy
85;5,021163333;-0,77765788;Intensity_1DLC123114QE_RRAG_064_rep1;PXD012477;Non-Healthy
86;6,402305262;0,716771597;Intensity_1DLC121914QE_RRAG_030_rep4;PXD012477;Non-Healthy
87;6,908005124;-0,823881939;Intensity_1DLC121514QE_RRAG_024_rep3;PXD012477;Healthy
88;6,249302276;-1,964221545;Intensity_1DLC012615QE_RRAG_006B_rep4;PXD012477;Healthy
89;-3,60194635;-1,330732954;Intensity_1DLC052815QE_RRAG_024B_rep2;PXD012477;Healthy
90;-4,552751406;-0,950681068;Intensity_1DLC070815QE_RRAG_049B_rep2;PXD012477;Non-Healthy
91;5,396322768;-1,16058971;Intensity_1DLC121914QE_RRAG_025_rep4;PXD012477;Healthy
92;-4,193014005;-0,020223428;Intensity_1DLC051815QE_RRAG_026B_rep2;PXD012477;Non-Healthy
93;7,613725859;-1,273470012;Intensity_1DLC012615QE_RRAG_002B_rep3;PXD012477;Non-Healthy
94;7,403430312;0,55313301;Intensity_1DLC122514QE_RRAG_041_rep1;PXD012477;Healthy
95;6,780645262;-0,628625401;Intensity_1DLC120314QE_RRAG_006_rep4;PXD012477;Healthy
96;-4,13049384;-1,298727233;Intensity_1DLC052815QE_RRAG_025B_rep2;PXD012477;Healthy
97;5,786046336;-0,788733252;Intensity_1DLC122214QE_RRAG_037_rep3;PXD012477;Healthy
98;6,21703629;-0,245936665;Intensity_1DLC121414QE_RRAG_013_rep2;PXD012477;Healthy
99;-3,755129275;-1,367292898;Intensity_1DLC051815QE_RRAG_019B_rep4;PXD012477;Healthy
100;-4,038875097;-0,815168037;Intensity_1DLC060615QE_RRAG_033B_rep2;PXD012477;Healthy
101;6,263881846;-0,341827011;Intensity_1DLC122914QE_RRAG_057_rep2;PXD012477;Healthy
102;-3,403146218;-0,858359915;Intensity_1DLC062715QE_RRAG_043B_rep1;PXD012477;Non-Healthy
103;4,986485515;-1,360056384;Intensity_1DLC122514QE_RRAG_052_rep1;PXD012477;Healthy
104;2,792038205;-0,285763276;Intensity_1DLC120314QE_RRAG_003_rep2;PXD012477;Healthy
105;-3,44012602;-0,833489568;Intensity_1DLC061715QE_RRAG_038B_rep1;PXD012477;Non-Healthy
106;5,434346619;-1,113844811;Intensity_1DLC123114QE_RRAG_062_rep3;PXD012477;Non-Healthy
107;-3,046254828;-0,942308924;Intensity_1DLC061715QE_RRAG_040B_rep3;PXD012477;Healthy
108;6,453241617;-0,181793708;Intensity_1DLC121514QE_RRAG_017_rep1;PXD012477;Non-Healthy
109;6,310874182;-0,305551914;Intensity_1DLC012615QE_RRAG_009B_rep2;PXD012477;Non-Healthy
110;-1,387505323;-0,961802982;Intensity_1DLC071015QE_RRAG_052B_rep1;PXD012477;Healthy
111;-1,792726337;-1,448670152;Intensity_1DLC071515QE_RRAG_056B_rep4;PXD012477;Healthy
112;-4,16078432;-1,310078232;Intensity_1DLC051815QE_RRAG_018B_rep1;PXD012477;Non-Healthy
113;-3,126310097;-1,512977092;Intensity_1DLC052815QE_RRAG_024B_rep4;PXD012477;Healthy
114;4,223854544;0,06359425;Intensity_1DLC120314QE_RRAG_006_rep1;PXD012477;Healthy
115;6,87028157;-0,238419402;Intensity_1DLC012615QE_RRAG_002B_rep1;PXD012477;Non-Healthy
116;-0,984517992;-0,401539922;Intensity_1DLC061715QE_RRAG_041B_rep4;PXD012477;Healthy
117;-3,958934249;-1,138529845;Intensity_1DLC051815QE_RRAG_028B_rep3;PXD012477;Healthy
118;-3,933977692;-0,893944802;Intensity_1DLC052815QE_RRAG_025B_rep3;PXD012477;Healthy
119;6,847251388;-1,535604359;Intensity_1DLC012615QE_RRAG_003B_rep3;PXD012477;Healthy
120;6,856048004;-0,930879507;Intensity_1DLC121914QE_RRAG_032_rep4;PXD012477;Healthy
121;6,562149033;0,009833633;Intensity_1DLC122914QE_RRAG_055_rep2;PXD012477;Non-Healthy
122;-5,117088047;-0,977458952;Intensity_1DLC051815QE_RRAG_011B_rep1;PXD012477;Healthy
123;-2,127887485;-1,224246168;Intensity_1DLC062715QE_RRAG_047B_rep1;PXD012477;Healthy
124;5,519334835;-0,410941575;Intensity_1DLC122914QE_RRAG_057_rep3;PXD012477;Healthy
125;6,347955619;-0,833521115;Intensity_1DLC012615QE_RRAG_003B_rep1;PXD012477;Healthy
126;-2,857135894;-0,958213247;Intensity_1DLC051815QE_RRAG_019B_rep3;PXD012477;Healthy
127;6,416033985;-1,370478266;Intensity_1DLC012615QE_RRAG_005B_rep3;PXD012477;Healthy
128;-2,295827003;-1,170464787;Intensity_1DLC071515QE_RRAG_061B_rep2;PXD012477;Healthy
129;-3,237299855;-1,336985675;Intensity_1DLC051815QE_RRAG_023B_rep2;PXD012477;Healthy
130;-1,64598631;-1,254379546;Intensity_1DLC071515QE_RRAG_058B_rep3;PXD012477;Non-Healthy
131;-3,556582775;-1,58290987;Intensity_1DLC051815QE_RRAG_023B_rep1;PXD012477;Healthy
132;6,510350604;-0,837935105;Intensity_1DLC122914QE_RRAG_056_rep3;PXD012477;Healthy
133;7,230930328;-0,413831198;Intensity_1DLC122514QE_RRAG_045_rep2;PXD012477;Non-Healthy
134;6,883247892;-0,859940999;Intensity_1DLC120914QE_RRAG_009_rep4;PXD012477;Non-Healthy
135;6,051032864;-0,462319734;Intensity_1DLC123114QE_RRAG_061_rep4;PXD012477;Healthy
136;-2,061098287;-1,630071874;Intensity_1DLC062715QE_RRAG_047B_rep4;PXD012477;Healthy
137;-2,916804952;-0,930022968;Intensity_1DLC061715QE_RRAG_040B_rep1;PXD012477;Healthy
138;-1,06800469;-1,074942274;Intensity_1DLC062715QE_RRAG_048B_rep4;PXD012477;Non-Healthy
139;7,426673956;-1,586019247;Intensity_1DLC122214QE_RRAG_040_rep1;PXD012477;Healthy
140;-2,87734686;0,810126916;Intensity_1DLC051815QE_RRAG_026B_rep4;PXD012477;Non-Healthy
141;6,963308191;0,562107517;Intensity_1DLC121914QE_RRAG_030_rep2;PXD012477;Non-Healthy
142;6,615275487;-0,641640669;Intensity_1DLC122214QE_RRAG_034_rep3;PXD012477;Healthy
143;4,92579691;0,127904115;Intensity_1DLC120314QE_RRAG_004_rep2;PXD012477;Healthy
144;6,458156536;-0,781000262;Intensity_1DLC122514QE_RRAG_051_rep2;PXD012477;Non-Healthy
145;-2,076348635;-0,856937133;Intensity_1DLC060615QE_RRAG_030B_rep4;PXD012477;Non-Healthy
146;5,943313209;-0,84628387;Intensity_1DLC123114QE_RRAG_062_rep2;PXD012477;Non-Healthy
147;-3,887894974;-1,082688496;Intensity_1DLC051815QE_RRAG_028B_rep1;PXD012477;Healthy
148;-3,948982314;-0,88730243;Intensity_1DLC051815QE_RRAG_027B_rep1;PXD012477;Non-Healthy
149;-2,777043769;-1,936020242;Intensity_1DLC062715QE_RRAG_047B_rep2;PXD012477;Healthy
150;5,690828955;-0,972350884;Intensity_1DLC122914QE_RRAG_058_rep3;PXD012477;Non-Healthy
151;-3,535828204;-0,94258328;Intensity_1DLC062715QE_RRAG_046B_rep1;PXD012477;Non-Healthy
152;7,900488129;0,339385823;Intensity_1DLC122214QE_RRAG_038_rep1;PXD012477;Non-Healthy
153;6,453624431;-0,478509315;Intensity_1DLC121914QE_RRAG_032_rep3;PXD012477;Healthy
154;-1,156086589;-0,288830887;Intensity_1DLC061715QE_RRAG_041B_rep3;PXD012477;Healthy
155;-1,24726926;-1,295685428;Intensity_1DLC071015QE_RRAG_052B_rep3;PXD012477;Healthy
156;-2,619319002;-1,36226809;Intensity_1DLC071515QE_RRAG_064B_rep3;PXD012477;Non-Healthy
157;-3,66033673;-1,239565546;Intensity_1DLC051815QE_RRAG_029B_rep4;PXD012477;Healthy
158;5,483425092;-0,925983181;Intensity_1DLC012615QE_RRAG_003B_rep4;PXD012477;Healthy
159;7,723834143;0,741055403;Intensity_1DLC123114QE_RRAG_053_rep2;PXD012477;Non-Healthy
160;-1,976217569;-0,173231864;Intensity_1DLC071015QE_RRAG_055B_rep2;PXD012477;Non-Healthy
161;-1,07741941;-1,646161527;Intensity_1DLC051815QE_RRAG_022B_rep3;PXD012477;Non-Healthy
162;4,043119246;-1,367950089;Intensity_1DLC122914QE_RRAG_058_rep4;PXD012477;Non-Healthy
163;-2,938014424;-1,453471125;Intensity_1DLC062715QE_RRAG_046B_rep4;PXD012477;Non-Healthy
164;-3,103129099;-0,549046203;Intensity_1DLC0080815QE_RRAG_002_rep2;PXD012477;Non-Healthy
165;7,13972163;0,147550315;Intensity_1DLC012615QE_RRAG_007B_rep3;PXD012477;Non-Healthy
166;-5,216484979;-1,898609232;Intensity_1DLC051815QE_RRAG_017B_rep3;PXD012477;Non-Healthy
167;5,959960435;-0,128415368;Intensity_1DLC121414QE_RRAG_014_rep3;PXD012477;Healthy
168;6,903769563;0,781416089;Intensity_1DLC121914QE_RRAG_030_rep3;PXD012477;Non-Healthy
169;5,324177946;-0,568241027;Intensity_1DLC121514QE_RRAG_019_rep1;PXD012477;Healthy
170;-2,06039073;-0,757788579;Intensity_1DLC071515QE_RRAG_058B_rep1;PXD012477;Non-Healthy
171;-2,136093469;-0,75013507;Intensity_1DLC071515QE_RRAG_060B_rep4;PXD012477;Healthy
172;6,327434109;-0,539405653;Intensity_1DLC122214QE_RRAG_037_rep1;PXD012477;Healthy
173;5,483292206;-0,814789831;Intensity_1DLC121414QE_RRAG_015_rep1;PXD012477;Non-Healthy
174;4,34179763;-0,13677814;Intensity_1DLC120914QE_RRAG_010_rep2;PXD012477;Non-Healthy
175;-3,103800914;-1,100708964;Intensity_1DLC061715QE_RRAG_038B_rep3;PXD012477;Non-Healthy
176;5,680397006;-1,249448226;Intensity_1DLC123114QE_RRAG_061_rep2;PXD012477;Healthy
177;6,534417057;-0,578198157;Intensity_1DLC122914QE_RRAG_048_101414_rep1;PXD012477;Non-Healthy
178;5,988078715;-0,907041485;Intensity_1DLC121514QE_RRAG_021_rep3;PXD012477;Healthy
179;6,829567969;0,072284575;Intensity_1DLC122514QE_RRAG_050_rep1;PXD012477;Non-Healthy
180;3,866266532;0,444429309;Intensity_1DLC120314QE_RRAG_006_rep2;PXD012477;Healthy
181;6,396437513;-0,669917051;Intensity_1DLC122214QE_RRAG_034_rep4;PXD012477;Healthy
182;-3,287113449;0,411727308;Intensity_1DLC051815QE_RRAG_026B_rep3;PXD012477;Non-Healthy
183;7,810744138;1,069611469;Intensity_1DLC123114QE_RRAG_053_rep1;PXD012477;Non-Healthy
184;-1,923128401;-1,36377641;Intensity_1DLC062715QE_RRAG_048B_rep1;PXD012477;Non-Healthy
185;-4,480412279;-1,755238381;Intensity_1DLC051815QE_RRAG_021B_rep3;PXD012477;Healthy
186;5,278877649;-0,713253341;Intensity_1DLC121514QE_RRAG_020_rep2;PXD012477;Non-Healthy
187;6,009758862;-0,528429582;Intensity_1DLC121514QE_RRAG_024_rep2;PXD012477;Healthy
188;6,054463546;-0,514444506;Intensity_1DLC121914QE_RRAG_028_rep3;PXD012477;Healthy
189;-0,206187451;-0,676348967;Intensity_1DLC071015QE_RRAG_053B_rep2;PXD012477;Non-Healthy
190;7,298003373;1,041167878;Intensity_1DLC122914QE_RRAG_059_rep3;PXD012477;Non-Healthy
191;6,297889971;-0,479329478;Intensity_1DLC121414QE_RRAG_013_rep4;PXD012477;Healthy
192;6,644913654;-0,479455878;Intensity_1DLC123114QE_RRAG_063_rep1;PXD012477;Non-Healthy
193;6,128962395;-0,741415168;Intensity_1DLC122514QE_RRAG_046_rep2;PXD012477;Non-Healthy
194;-3,653926517;-0,753312288;Intensity_1DLC062715QE_RRAG_043B_rep2;PXD012477;Non-Healthy
195;6,742123911;0,054060872;Intensity_1DLC120314QE_RRAG_005_rep4;PXD012477;Healthy
196;5,459778414;-0,942632279;Intensity_1DLC121514QE_RRAG_018_rep1;PXD012477;Non-Healthy
197;-3,52886098;-1,046569884;Intensity_1DLC071515QE_RRAG_056B_rep1;PXD012477;Healthy
198;5,869897625;-1,092933469;Intensity_1DLC012615QE_RRAG_016B_rep4;PXD012477;Non-Healthy
199;-1,697794511;-1,522793071;Intensity_1DLC060615QE_RRAG_032B_rep3;PXD012477;Healthy
200;3,529228266;-0,497047407;Intensity_1DLC120314QE_RRAG_001_rep2;PXD012477;Healthy
201;7,15326739;-0,201938904;Intensity_1DLC123114QE_RRAG_063_rep4;PXD012477;Non-Healthy
202;-4,534282629;-1,478289785;Intensity_1DLC051815QE_RRAG_019B_rep1;PXD012477;Healthy
203;7,840779035;0,462306921;Intensity_1DLC120314QE_RRAG_008_rep3;PXD012477;Non-Healthy
204;7,520020223;0,165246939;Intensity_1DLC123114QE_RRAG_053_rep3;PXD012477;Non-Healthy
205;3,574871825;0,104888521;Intensity_1DLC120314QE_RRAG_005_rep2;PXD012477;Healthy
206;-4,783198305;-1,048660018;Intensity_1DLC051815QE_RRAG_011B_rep2;PXD012477;Healthy
207;-3,643739567;-1,580173156;Intensity_1DLC071515QE_RRAG_062B_rep3;PXD012477;Non-Healthy
208;5,182452532;-0,814315248;Intensity_1DLC121914QE_RRAG_031_rep1;PXD012477;Non-Healthy
209;6,694143216;0,543537206;Intensity_1DLC122514QE_RRAG_041_rep4;PXD012477;Healthy
210;6,0919207;-0,316972614;Intensity_1DLC122514QE_RRAG_048_101314_rep2;PXD012477;Non-Healthy
211;5,834199095;0,391593818;Intensity_1DLC122914QE_RRAG_055_rep1;PXD012477;Non-Healthy
212;5,441224835;-1,332862796;Intensity_1DLC012615QE_RRAG_016B_rep3;PXD012477;Non-Healthy
213;-4,057380562;-1,140195254;Intensity_1DLC060615QE_RRAG_036B_rep2;PXD012477;Healthy
214;7,229903958;-0,304107529;Intensity_1DLC120314QE_RRAG_005_rep3;PXD012477;Healthy
215;5,458238577;-0,976235145;Intensity_1DLC121914QE_RRAG_025_rep2;PXD012477;Healthy
216;6,367911734;-0,660255831;Intensity_1DLC121414QE_RRAG_016_rep3;PXD012477;Non-Healthy
217;5,944081508;-0,305211882;Intensity_1DLC012615QE_RRAG_001B_rep2;PXD012477;Healthy
218;5,627869162;-0,698835634;Intensity_1DLC122914QE_RRAG_057_rep4;PXD012477;Healthy
219;5,506392546;-1,063144479;Intensity_1DLC121914QE_RRAG_028_rep4;PXD012477;Healthy
220;-1,333747711;-1,030697724;Intensity_1DLC051815QE_RRAG_022B_rep4;PXD012477;Non-Healthy
221;7,18987686;-1,233547079;Intensity_1DLC012615QE_RRAG_006B_rep2;PXD012477;Healthy
222;-3,686047408;-1,133619651;Intensity_1DLC051815QE_RRAG_018B_rep4;PXD012477;Non-Healthy
223;7,077946145;0,01276947;Intensity_1DLC122214QE_RRAG_034_rep2;PXD012477;Healthy
224;5,530980082;-0,9568217;Intensity_1DLC012615QE_RRAG_010B_rep2;PXD012477;Non-Healthy
225;7,396615613;-0,379835024;Intensity_1DLC122214QE_RRAG_039_rep2;PXD012477;Non-Healthy
226;-2,222019749;-0,975906445;Intensity_1DLC071515QE_RRAG_062B_rep1;PXD012477;Non-Healthy
227;7,470996189;1,617238151;Intensity_1DLC121914QE_RRAG_026_rep1;PXD012477;Non-Healthy
228;-4,331413101;-1,228897013;Intensity_1DLC0080815QE_RRAG_017_rep1;PXD012477;Non-Healthy
229;-4,079776431;-1,018161635;Intensity_1DLC051815QE_RRAG_028B_rep4;PXD012477;Healthy
230;6,936639025;-0,882335975;Intensity_1DLC121414QE_RRAG_016_rep4;PXD012477;Non-Healthy
231;7,460730755;-0,746988129;Intensity_1DLC012615QE_RRAG_012B_rep4;PXD012477;Non-Healthy
232;6,064232698;-0,393312037;Intensity_1DLC122914QE_RRAG_056_rep2;PXD012477;Healthy
233;-3,17670924;-1,488313363;Intensity_1DLC051815QE_RRAG_027B_rep2;PXD012477;Non-Healthy
234;-5,035702294;-0,628213851;Intensity_1DLC060615QE_RRAG_034B_rep1;PXD012477;Healthy
235;4,512146169;-1,505170555;Intensity_1DLC122214QE_RRAG_037_rep4;PXD012477;Healthy
236;6,886318478;-1,175990607;Intensity_1DLC012615QE_RRAG_014B_rep2;PXD012477;Healthy
237;-3,864248136;-1,619300636;Intensity_1DLC061715QE_RRAG_042B_rep1;PXD012477;Healthy
238;5,016793792;-0,489821446;Intensity_1DLC121414QE_RRAG_011_rep2;PXD012477;Healthy
239;7,750803967;-0,687337221;Intensity_1DLC122214QE_RRAG_039_rep1;PXD012477;Non-Healthy
240;-2,478346323;-1,12370022;Intensity_1DLC062715QE_RRAG_046B_rep3;PXD012477;Non-Healthy
241;-3,953824234;-1,456854704;Intensity_1DLC051815QE_RRAG_023B_rep4;PXD012477;Healthy
242;-3,224745264;-1,353063475;Intensity_1DLC052815QE_RRAG_024B_rep1;PXD012477;Healthy
243;-4,140031688;-1,663127405;Intensity_1DLC0080815QE_RRAG_004_rep1;PXD012477;Healthy
244;8,175440115;0,976403003;Intensity_1DLC122514QE_RRAG_043_rep2;PXD012477;Non-Healthy
245;6,436728843;-0,637800487;Intensity_1DLC121514QE_RRAG_021_rep1;PXD012477;Healthy
246;-2,413316607;-1,14589249;Intensity_1DLC060615QE_RRAG_036B_rep4;PXD012477;Healthy
247;-5,394583326;-0,756300513;Intensity_1DLC060615QE_RRAG_034B_rep2;PXD012477;Healthy
248;7,127363895;-0,982491018;Intensity_1DLC121514QE_RRAG_024_rep4;PXD012477;Healthy
249;7,895838597;0,82822642;Intensity_1DLC122514QE_RRAG_049_rep2;PXD012477;Non-Healthy
250;7,145033981;-0,801877073;Intensity_1DLC012615QE_RRAG_014B_rep3;PXD012477;Healthy
251;6,754957366;-0,214376516;Intensity_1DLC012615QE_RRAG_008B_rep2;PXD012477;Non-Healthy
252;-1,889334996;-0,817297695;Intensity_1DLC071515QE_RRAG_061B_rep4;PXD012477;Healthy
253;-4,862060379;-0,328018643;Intensity_1DLC060615QE_RRAG_035B_rep1;PXD012477;Non-Healthy
254;-3,604359712;-1,729678288;Intensity_1DLC0080815QE_RRAG_018_rep2;PXD012477;Non-Healthy
255;6,943275532;-0,345833248;Intensity_1DLC122914QE_RRAG_047_101414_rep2;PXD012477;Healthy
256;-1,379967997;-0,57160954;Intensity_1DLC071515QE_RRAG_059B_rep2;PXD012477;Non-Healthy
257;-2,684011286;-1,466306625;Intensity_1DLC071515QE_RRAG_064B_rep4;PXD012477;Non-Healthy
258;5,602282642;-0,526554396;Intensity_1DLC122914QE_RRAG_058_rep1;PXD012477;Non-Healthy
259;-5,266391468;-2,037935485;Intensity_1DLC051815QE_RRAG_017B_rep2;PXD012477;Non-Healthy
260;-4,273330792;-1,329833622;Intensity_1DLC060615QE_RRAG_033B_rep4;PXD012477;Healthy
261;7,67801066;-0,328990984;Intensity_1DLC122214QE_RRAG_035_rep4;PXD012477;Non-Healthy
262;6,314915204;-0,483030181;Intensity_1DLC121914QE_RRAG_028_rep2;PXD012477;Healthy
263;6,799663174;-0,467244946;Intensity_1DLC012615QE_RRAG_013B_rep1;PXD012477;Healthy
264;5,971328635;-0,653447846;Intensity_1DLC121414QE_RRAG_013_rep3;PXD012477;Healthy
265;6,321809581;-0,127750079;Intensity_1DLC122914QE_RRAG_060_rep4;PXD012477;Healthy
266;6,161295898;-1,373370572;Intensity_1DLC122514QE_RRAG_046_rep1;PXD012477;Non-Healthy
267;-0,060157802;-0,690463309;Intensity_1DLC070815QE_RRAG_051B_rep2;PXD012477;Non-Healthy
268;-1,672120897;-1,041156406;Intensity_1DLC062715QE_RRAG_048B_rep2;PXD012477;Non-Healthy
269;-2,215985876;-0,654095425;Intensity_1DLC071515QE_RRAG_060B_rep2;PXD012477;Healthy
270;-2,960313279;-2,053409248;Intensity_1DLC051815QE_RRAG_023B_rep3;PXD012477;Healthy
271;3,710713785;0,344125088;Intensity_1DLC120314QE_RRAG_005_rep1;PXD012477;Healthy
272;-2,11819502;-1,127942009;Intensity_1DLC071515QE_RRAG_058B_rep4;PXD012477;Non-Healthy
273;-4,395061622;-1,301046684;Intensity_1DLC051815QE_RRAG_018B_rep3;PXD012477;Non-Healthy
274;5,284802463;-1,074322259;Intensity_1DLC121914QE_RRAG_025_rep1;PXD012477;Healthy
275;5,336972822;-1,601138966;Intensity_1DLC012615QE_RRAG_001B_rep3;PXD012477;Healthy
276;5,293147752;-0,904278979;Intensity_1DLC012615QE_RRAG_010B_rep3;PXD012477;Non-Healthy
277;7,057166575;-0,291560682;Intensity_1DLC012615QE_RRAG_006B_rep1;PXD012477;Healthy
278;2,838526023;-0,447342988;Intensity_1DLC120314QE_RRAG_003_rep1;PXD012477;Healthy
279;5,639051659;-0,125118686;Intensity_1DLC121414QE_RRAG_013_rep1;PXD012477;Healthy
280;-2,321150837;-1,491506965;Intensity_1DLC051815QE_RRAG_020B_rep4;PXD012477;Non-Healthy
281;-4,921967674;-0,798873857;Intensity_1DLC051815QE_RRAG_011B_rep3;PXD012477;Healthy
282;5,491131683;-1,072138133;Intensity_1DLC122514QE_RRAG_046_rep4;PXD012477;Non-Healthy
283;6,718010439;-1,027907462;Intensity_1DLC012615QE_RRAG_015B_rep1;PXD012477;Non-Healthy
284;7,242014591;-1,95601285;Intensity_1DLC012615QE_RRAG_004B_rep3;PXD012477;Healthy
285;6,10628628;-0,475316018;Intensity_1DLC122514QE_RRAG_045_rep3;PXD012477;Non-Healthy
286;5,553560231;-1,505764007;Intensity_1DLC122214QE_RRAG_033_rep4;PXD012477;Healthy
287;-0,465416909;-0,156227544;Intensity_1DLC071015QE_RRAG_054B_rep3;PXD012477;Healthy
288;6,38573257;-1,559981196;Intensity_1DLC122214QE_RRAG_033_rep1;PXD012477;Healthy
289;6,356477939;-1,225865578;Intensity_1DLC012615QE_RRAG_004B_rep4;PXD012477;Healthy
290;-4,695830879;-0,866551378;Intensity_1DLC070815QE_RRAG_051B_rep1;PXD012477;Non-Healthy
291;5,188404029;-1,298867556;Intensity_1DLC122514QE_RRAG_052_rep2;PXD012477;Healthy
292;8,245511897;0,309067461;Intensity_1DLC120314QE_RRAG_008_rep4;PXD012477;Non-Healthy
293;-1,921925561;-1,613077287;Intensity_1DLC051815QE_RRAG_022B_rep2;PXD012477;Non-Healthy
294;7,025304512;0,194264787;Intensity_1DLC012615QE_RRAG_007B_rep2;PXD012477;Non-Healthy
295;7,309917458;0,275475596;Intensity_1DLC123114QE_RRAG_054_rep4;PXD012477;Healthy
296;-1,871976401;-0,604715558;Intensity_1DLC071015QE_RRAG_055B_rep3;PXD012477;Non-Healthy
297;8,212505069;0,902639642;Intensity_1DLC012615QE_RRAG_012B_rep3;PXD012477;Non-Healthy
298;-4,593962451;-0,72937482;Intensity_1DLC060615QE_RRAG_035B_rep2;PXD012477;Non-Healthy
299;6,376807751;-0,737233894;Intensity_1DLC012615QE_RRAG_001B_rep1;PXD012477;Healthy
300;6,273903175;-0,312958165;Intensity_1DLC122914QE_RRAG_060_rep3;PXD012477;Healthy
301;5,097886294;-1,331587579;Intensity_1DLC121914QE_RRAG_031_rep2;PXD012477;Non-Healthy
302;0,619743033;-0,806816236;Intensity_1DLC071015QE_RRAG_053B_rep3;PXD012477;Non-Healthy
303;5,316802439;-2,012711282;Intensity_1DLC012615QE_RRAG_016B_rep2;PXD012477;Non-Healthy
304;-3,106752485;-1,991255573;Intensity_1DLC062715QE_RRAG_045B_rep2;PXD012477;Non-Healthy
305;7,203420892;-0,688369392;Intensity_1DLC012615QE_RRAG_008B_rep1;PXD012477;Non-Healthy
306;-1,430814761;-1,125414789;Intensity_1DLC071515QE_RRAG_062B_rep2;PXD012477;Non-Healthy
307;6,535431569;-0,137432645;Intensity_1DLC012615QE_RRAG_013B_rep2;PXD012477;Healthy
308;6,783970818;-0,575221927;Intensity_1DLC122514QE_RRAG_044_rep4;PXD012477;Non-Healthy
309;6,137020976;-0,319151458;Intensity_1DLC121914QE_RRAG_028_rep1;PXD012477;Healthy
310;5,741347274;-0,526210911;Intensity_1DLC121514QE_RRAG_021_rep2;PXD012477;Healthy
311;6,616058765;-0,751283617;Intensity_1DLC012615QE_RRAG_009B_rep4;PXD012477;Non-Healthy
312;-4,983509684;-0,656409223;Intensity_1DLC060615QE_RRAG_034B_rep4;PXD012477;Healthy
313;-2,885226055;-0,8753632;Intensity_1DLC060615QE_RRAG_032B_rep1;PXD012477;Healthy
314;7,657271263;-0,102766551;Intensity_1DLC122514QE_RRAG_041_rep2;PXD012477;Healthy
315;-2,35119693;-1,67109954;Intensity_1DLC062715QE_RRAG_047B_rep3;PXD012477;Healthy
316;4,907652282;-1,042620292;Intensity_1DLC123114QE_RRAG_064_rep2;PXD012477;Non-Healthy
317;1,130973089;-0,619561316;Intensity_1DLC070815QE_RRAG_051B_rep4;PXD012477;Non-Healthy
318;7,714085762;-0,393423507;Intensity_1DLC122214QE_RRAG_036_rep3;PXD012477;Healthy
319;-2,046738633;-1,240273492;Intensity_1DLC051815QE_RRAG_027B_rep4;PXD012477;Non-Healthy
320;5,872824355;-1,50888249;Intensity_1DLC012615QE_RRAG_015B_rep3;PXD012477;Non-Healthy
321;8,216960796;-0,188488935;Intensity_1DLC122214QE_RRAG_038_rep2;PXD012477;Non-Healthy
322;-3,293331606;-1,575076579;Intensity_1DLC062715QE_RRAG_044B_rep1;PXD012477;Non-Healthy
323;-2,622192143;-1,871040884;Intensity_1DLC062715QE_RRAG_045B_rep1;PXD012477;Non-Healthy
324;5,828474487;-0,41179819;Intensity_1DLC121514QE_RRAG_022_rep2;PXD012477;Non-Healthy
325;11,8842063;-1,47072536;Intensity_1DLC121514QE_RRAG_017_rep3;PXD012477;Non-Healthy
326;8,341064719;0,778498086;Intensity_1DLC122514QE_RRAG_043_rep3;PXD012477;Non-Healthy
327;-1,239743933;-0,889672907;Intensity_1DLC060615QE_RRAG_032B_rep2;PXD012477;Healthy
328;-0,963220301;-0,154530881;Intensity_1DLC071015QE_RRAG_054B_rep1;PXD012477;Healthy
329;6,447076023;-0,298292252;Intensity_1DLC122914QE_RRAG_057_rep1;PXD012477;Healthy
330;6,741467093;-0,140491213;Intensity_1DLC122514QE_RRAG_047_101314_rep1;PXD012477;Healthy
331;6,666999574;-0,070748039;Intensity_1DLC012615QE_RRAG_013B_rep4;PXD012477;Healthy
332;5,589751752;-0,842886428;Intensity_1DLC121914QE_RRAG_027_rep3;PXD012477;Non-Healthy
333;-3,873106594;-0,602029948;Intensity_1DLC051815QE_RRAG_026B_rep1;PXD012477;Non-Healthy
334;-2,532497235;-1,223877605;Intensity_1DLC062715QE_RRAG_045B_rep4;PXD012477;Non-Healthy
335;7,884461977;0,838318689;Intensity_1DLC123114QE_RRAG_053_rep4;PXD012477;Non-Healthy
336;-0,506808949;-0,368230626;Intensity_1DLC071515QE_RRAG_059B_rep4;PXD012477;Non-Healthy
337;6,914103674;-0,617161831;Intensity_1DLC120914QE_RRAG_010_rep4;PXD012477;Non-Healthy
338;7,640958876;0,79109628;Intensity_1DLC122914QE_RRAG_059_rep2;PXD012477;Non-Healthy
339;0,488067913;0,317307628;Intensity_1DLC071515QE_RRAG_059B_rep1;PXD012477;Non-Healthy
340;-3,339532071;-1,422171005;Intensity_1DLC051815QE_RRAG_022B_rep1;PXD012477;Non-Healthy
341;5,811962456;-1,02752663;Intensity_1DLC123114QE_RRAG_062_rep1;PXD012477;Non-Healthy
342;6,707135065;-0,260730191;Intensity_1DLC123114QE_RRAG_063_rep2;PXD012477;Non-Healthy
343;7,456809417;-0,286148562;Intensity_1DLC121914QE_RRAG_032_rep2;PXD012477;Healthy
344;-0,932781938;-1,289066599;Intensity_1DLC071015QE_RRAG_052B_rep2;PXD012477;Healthy
345;7,842430031;1,8792537;Intensity_1DLC121914QE_RRAG_026_rep2;PXD012477;Non-Healthy
346;-3,646740035;-1,390221151;Intensity_1DLC051815QE_RRAG_021B_rep1;PXD012477;Healthy
347;6,980866735;-0,96217102;Intensity_1DLC122514QE_RRAG_044_rep1;PXD012477;Non-Healthy
348;6,684609403;-0,020316285;Intensity_1DLC121414QE_RRAG_014_rep2;PXD012477;Healthy
349;-2,309962993;-0,615885477;Intensity_1DLC071515QE_RRAG_061B_rep1;PXD012477;Healthy
350;-3,228907924;-1,751069822;Intensity_1DLC051815QE_RRAG_020B_rep2;PXD012477;Non-Healthy
351;5,885245313;-0,514562631;Intensity_1DLC121514QE_RRAG_021_rep4;PXD012477;Healthy
352;5,394319054;-1,464183889;Intensity_1DLC012615QE_RRAG_015B_rep2;PXD012477;Non-Healthy
353;6,296637816;-0,535376957;Intensity_1DLC121414QE_RRAG_016_rep2;PXD012477;Non-Healthy
354;5,485902614;-1,027822325;Intensity_1DLC122514QE_RRAG_046_rep3;PXD012477;Non-Healthy
355;6,803904003;-1,187905813;Intensity_1DLC120914QE_RRAG_009_rep3;PXD012477;Non-Healthy
356;6,916597624;-0,453322855;Intensity_1DLC122214QE_RRAG_036_rep2;PXD012477;Healthy
357;-3,37663222;-1,57260752;Intensity_1DLC060615QE_RRAG_030B_rep1;PXD012477;Non-Healthy
358;-2,180738676;-1,654978774;Intensity_1DLC071515QE_RRAG_056B_rep3;PXD012477;Healthy
359;6,340149819;-1,201959374;Intensity_1DLC121914QE_RRAG_027_rep4;PXD012477;Non-Healthy
360;6,064853269;-1,163464109;Intensity_1DLC121914QE_RRAG_025_rep3;PXD012477;Healthy
361;-3,238618517;-1,287567098;Intensity_1DLC060615QE_RRAG_031B_rep2;PXD012477;Non-Healthy
362;4,627620932;0,327482407;Intensity_1DLC120314QE_RRAG_007_rep2;PXD012477;Non-Healthy
363;7,205573099;-0,786245347;Intensity_1DLC122914QE_RRAG_047_101414_rep1;PXD012477;Healthy
364;4,600433143;-1,306618025;Intensity_1DLC122514QE_RRAG_042_rep4;PXD012477;Healthy
365;4,642295126;-1,979045126;Intensity_1DLC121514QE_RRAG_023_rep3;PXD012477;Healthy
366;-4,950905599;-1,282732195;Intensity_1DLC0080815QE_RRAG_019_rep1;PXD012477;Healthy
367;4,652920948;0,135943313;Intensity_1DLC120314QE_RRAG_004_rep1;PXD012477;Healthy
368;4,014035072;-0,638710296;Intensity_1DLC120314QE_RRAG_007_rep1;PXD012477;Non-Healthy
369;-3,66583885;-1,755914847;Intensity_1DLC051815QE_RRAG_020B_rep3;PXD012477;Non-Healthy
370;-4,990119953;-1,256779383;Intensity_1DLC051815QE_RRAG_011B_rep4;PXD012477;Healthy
371;-2,56071498;-0,557681185;Intensity_1DLC060615QE_RRAG_037B_rep4;PXD012477;Healthy
372;-3,507429653;-1,069869655;Intensity_1DLC061715QE_RRAG_040B_rep2;PXD012477;Healthy
373;7,882255656;0,899103358;Intensity_1DLC122914QE_RRAG_059_rep1;PXD012477;Non-Healthy
374;5,223634017;-1,012141208;Intensity_1DLC121414QE_RRAG_015_rep4;PXD012477;Non-Healthy
375;6,097497065;-1,441023227;Intensity_1DLC012615QE_RRAG_001B_rep4;PXD012477;Healthy
376;7,022373172;-0,108563157;Intensity_1DLC123114QE_RRAG_054_rep2;PXD012477;Healthy
377;-1,073914509;-1,312655573;Intensity_1DLC071015QE_RRAG_052B_rep4;PXD012477;Healthy
378;-3,726064782;-1,348529886;Intensity_1DLC0080815QE_RRAG_001_rep1;PXD012477;Healthy
379;-4,016939567;-1,394330973;Intensity_1DLC0080815QE_RRAG_001_rep2;PXD012477;Healthy
380;-3,694996487;-1,338703633;Intensity_1DLC0080815QE_RRAG_017_rep2;PXD012477;Non-Healthy
381;6,387198931;-1,058424024;Intensity_1DLC122214QE_RRAG_033_rep3;PXD012477;Healthy
382;8,529182085;1,704793302;Intensity_1DLC121414QE_RRAG_012_rep4;PXD012477;Non-Healthy
383;5,252895029;-0,978221551;Intensity_1DLC121414QE_RRAG_011_rep3;PXD012477;Healthy
384;-3,43144574;-1,402038692;Intensity_1DLC051815QE_RRAG_019B_rep2;PXD012477;Healthy
385;5,334629065;-0,630745725;Intensity_1DLC121514QE_RRAG_022_rep4;PXD012477;Non-Healthy
386;-3,211521706;-0,860489169;Intensity_1DLC061715QE_RRAG_038B_rep2;PXD012477;Non-Healthy
387;-4,085884608;-0,568049891;Intensity_1DLC060615QE_RRAG_035B_rep3;PXD012477;Non-Healthy
388;6,389342262;-0,699433152;Intensity_1DLC122914QE_RRAG_058_rep2;PXD012477;Non-Healthy
389;8,512160547;-0,725719597;Intensity_1DLC120314QE_RRAG_007_rep3;PXD012477;Non-Healthy
390;-4,166917207;-0,853957063;Intensity_1DLC060615QE_RRAG_034B_rep3;PXD012477;Healthy
391;-3,880132559;-1,707775501;Intensity_1DLC051815QE_RRAG_029B_rep1;PXD012477;Healthy
392;7,276919341;0,338028761;Intensity_1DLC121914QE_RRAG_032_rep1;PXD012477;Healthy
393;6,658916301;-0,855395793;Intensity_1DLC122514QE_RRAG_044_rep3;PXD012477;Non-Healthy
394;5,315222141;-0,356551281;Intensity_1DLC012615QE_RRAG_010B_rep1;PXD012477;Non-Healthy
395;-5,303163513;-0,62817499;Intensity_1DLC070815QE_RRAG_049B_rep1;PXD012477;Non-Healthy
396;-3,14167651;-0,766935362;Intensity_1DLC052815QE_RRAG_025B_rep4;PXD012477;Healthy
397;6,244411635;-0,35292494;Intensity_1DLC122914QE_RRAG_048_101414_rep2;PXD012477;Non-Healthy
398;9,09762466;1,56354296;Intensity_1DLC122514QE_RRAG_043_rep1;PXD012477;Non-Healthy
399;-4,242183428;-1,15900261;Intensity_1DLC051815QE_RRAG_021B_rep4;PXD012477;Healthy
400;1,720406455;-0,500049568;Intensity_1DLC071015QE_RRAG_053B_rep4;PXD012477;Non-Healthy
401;6,387602314;-0,661809698;Intensity_1DLC122914QE_RRAG_056_rep4;PXD012477;Healthy
402;-4,97105166;-1,519318566;Intensity_1DLC051815QE_RRAG_017B_rep1;PXD012477;Non-Healthy
403;-4,985644983;-1,805489645;Intensity_1DLC051815QE_RRAG_017B_rep4;PXD012477;Non-Healthy
404;-3,212983851;-0,291968517;Intensity_1DLC070815QE_RRAG_049B_rep3;PXD012477;Non-Healthy
405;-5,119858694;-1,506250206;Intensity_1DLC0080815QE_RRAG_004_rep2;PXD012477;Healthy
406;-4,326534202;-1,131127133;Intensity_1DLC0080815QE_RRAG_003_rep2;PXD012477;Healthy
407;7,865901161;-0,645420139;Intensity_1DLC120314QE_RRAG_007_rep4;PXD012477;Non-Healthy
408;5,561355932;-1,365660777;Intensity_1DLC012615QE_RRAG_015B_rep4;PXD012477;Non-Healthy
409;4,567323328;-0,689657044;Intensity_1DLC121514QE_RRAG_018_rep2;PXD012477;Non-Healthy
410;-3,771948888;-1,467043816;Intensity_1DLC070815QE_RRAG_049B_rep4;PXD012477;Non-Healthy
411;5,626435593;-0,575670567;Intensity_1DLC121414QE_RRAG_015_rep2;PXD012477;Non-Healthy
412;-2,565534157;-0,26073756;Intensity_1DLC071015QE_RRAG_054B_rep4;PXD012477;Healthy
413;6,276959341;-0,657448894;Intensity_1DLC012615QE_RRAG_009B_rep3;PXD012477;Non-Healthy
414;5,164397102;-0,945930405;Intensity_1DLC122514QE_RRAG_042_rep3;PXD012477;Healthy
415;5,529014777;-1,024141125;Intensity_1DLC121914QE_RRAG_031_rep3;PXD012477;Non-Healthy
416;7,5953307;-0,250460127;Intensity_1DLC120914QE_RRAG_010_rep3;PXD012477;Non-Healthy
417;4,524470742;-1,119808651;Intensity_1DLC121514QE_RRAG_023_rep2;PXD012477;Healthy
418;5,121275461;-0,850135558;Intensity_1DLC122514QE_RRAG_042_rep2;PXD012477;Healthy
419;6,983251074;-0,374197478;Intensity_1DLC122914QE_RRAG_060_rep1;PXD012477;Healthy
420;6,70496763;-0,5847322;Intensity_1DLC012615QE_RRAG_013B_rep3;PXD012477;Healthy
421;4,714467652;-1,091916292;Intensity_1DLC121514QE_RRAG_020_rep4;PXD012477;Non-Healthy
422;3,438029401;-0,235985716;Intensity_1DLC120914QE_RRAG_009_rep1;PXD012477;Non-Healthy
423;6,618918482;-0,017318845;Intensity_1DLC122514QE_RRAG_047_101314_rep2;PXD012477;Healthy
424;-3,144050527;-1,609229448;Intensity_1DLC071515QE_RRAG_064B_rep1;PXD012477;Non-Healthy
425;6,082575751;-1,228211467;Intensity_1DLC012615QE_RRAG_003B_rep2;PXD012477;Healthy
426;-4,180142922;-1,131777651;Intensity_1DLC060615QE_RRAG_033B_rep1;PXD012477;Healthy
427;-3,342337877;-1,894417265;Intensity_1DLC051815QE_RRAG_020B_rep1;PXD012477;Non-Healthy
428;-3,335693009;-1,799753108;Intensity_1DLC061715QE_RRAG_042B_rep3;PXD012477;Healthy
429;7,399065962;0,521746788;Intensity_1DLC121914QE_RRAG_026_rep3;PXD012477;Non-Healthy
430;4,720643159;-1,530791789;Intensity_1DLC121414QE_RRAG_015_rep3;PXD012477;Non-Healthy
431;6,289362298;-1,023948853;Intensity_1DLC012615QE_RRAG_002B_rep4;PXD012477;Non-Healthy
432;5,667346058;-0,757289195;Intensity_1DLC012615QE_RRAG_010B_rep4;PXD012477;Non-Healthy
433;-3,752572125;-1,182979472;Intensity_1DLC051815QE_RRAG_028B_rep2;PXD012477;Healthy
434;0,009818463;-0,447033702;Intensity_1DLC070815QE_RRAG_051B_rep3;PXD012477;Non-Healthy
435;7,041882521;-0,871567913;Intensity_1DLC012615QE_RRAG_008B_rep3;PXD012477;Non-Healthy
436;-2,952605605;-1,364059503;Intensity_1DLC071515QE_RRAG_064B_rep2;PXD012477;Non-Healthy
437;-4,16028294;-0,662513699;Intensity_1DLC052815QE_RRAG_025B_rep1;PXD012477;Healthy
438;-2,934126281;-1,732113205;Intensity_1DLC051815QE_RRAG_021B_rep2;PXD012477;Healthy
439;6,551333037;-0,73947494;Intensity_1DLC122914QE_RRAG_056_rep1;PXD012477;Healthy
440;6,193542909;-0,982701437;Intensity_1DLC012615QE_RRAG_005B_rep1;PXD012477;Healthy
441;6,730541174;-0,63552706;Intensity_1DLC123114QE_RRAG_061_rep3;PXD012477;Healthy
442;5,627517621;-0,604716648;Intensity_1DLC121914QE_RRAG_029_rep1;PXD012477;Healthy
443;7,463929012;0,974595873;Intensity_1DLC122214QE_RRAG_038_rep3;PXD012477;Non-Healthy
444;6,529924839;-0,792672312;Intensity_1DLC122514QE_RRAG_051_rep1;PXD012477;Non-Healthy
445;-1,614772299;-1,798088713;Intensity_1DLC062715QE_RRAG_048B_rep3;PXD012477;Non-Healthy
446;-4,218432509;-0,991422253;Intensity_1DLC071515QE_RRAG_056B_rep2;PXD012477;Healthy
447;5,813473862;-0,616948951;Intensity_1DLC121414QE_RRAG_014_rep4;PXD012477;Healthy
448;-5,108990595;-1,084753009;Intensity_1DLC0080815QE_RRAG_019_rep2;PXD012477;Healthy
449;6,188389796;-0,549505457;Intensity_1DLC122514QE_RRAG_050_rep2;PXD012477;Non-Healthy
450;-3,28682411;-1,81435004;Intensity_1DLC061715QE_RRAG_042B_rep4;PXD012477;Healthy
451;6,070587149;-0,800900782;Intensity_1DLC122214QE_RRAG_037_rep2;PXD012477;Healthy
452;6,643527343;-0,209175118;Intensity_1DLC122914QE_RRAG_060_rep2;PXD012477;Healthy
453;6,233726373;-1,003450175;Intensity_1DLC122214QE_RRAG_040_rep3;PXD012477;Healthy
454;-1,558632375;0,396931132;Intensity_1DLC071015QE_RRAG_055B_rep1;PXD012477;Non-Healthy
455;6,651190024;-1,286318995;Intensity_1DLC012615QE_RRAG_014B_rep1;PXD012477;Healthy
456;-4,436149715;-1,185193813;Intensity_1DLC060615QE_RRAG_035B_rep4;PXD012477;Non-Healthy
457;7,473270055;-0,131225951;Intensity_1DLC122514QE_RRAG_045_rep1;PXD012477;Non-Healthy
458;-3,850430791;-1,475199474;Intensity_1DLC061715QE_RRAG_042B_rep2;PXD012477;Healthy
459;-3,802904254;-0,986524519;Intensity_1DLC060615QE_RRAG_037B_rep2;PXD012477;Healthy
460;-1,204238627;0,326514771;Intensity_1DLC071015QE_RRAG_055B_rep4;PXD012477;Non-Healthy
461;8,628099364;1,077718731;Intensity_1DLC121414QE_RRAG_012_rep1;PXD012477;Non-Healthy
462;6,592613501;-0,895513376;Intensity_1DLC012615QE_RRAG_005B_rep4;PXD012477;Healthy
463;3,346581839;-0,57369237;Intensity_1DLC120914QE_RRAG_009_rep2;PXD012477;Non-Healthy
464;6,707335688;-0,036333569;Intensity_1DLC121414QE_RRAG_014_rep1;PXD012477;Healthy
465;-2,073298706;-1,058926147;Intensity_1DLC060615QE_RRAG_030B_rep2;PXD012477;Non-Healthy
466;5,879877678;-0,752369526;Intensity_1DLC122214QE_RRAG_033_rep2;PXD012477;Healthy
467;-2,080310415;-1,240767111;Intensity_1DLC071515QE_RRAG_061B_rep3;PXD012477;Healthy
468;6,976362133;-0,601491074;Intensity_1DLC123114QE_RRAG_063_rep3;PXD012477;Non-Healthy
469;-3,914942869;-1,590061716;Intensity_1DLC060615QE_RRAG_031B_rep3;PXD012477;Non-Healthy
470;6,881223446;-0,613570096;Intensity_1DLC012615QE_RRAG_008B_rep4;PXD012477;Non-Healthy
471;7,057868131;0,702832392;Intensity_1DLC121914QE_RRAG_026_rep4;PXD012477;Non-Healthy
472;5,540766585;-1,410369921;Intensity_1DLC123114QE_RRAG_064_rep3;PXD012477;Non-Healthy
473;8,265609989;1,788059005;Intensity_1DLC121414QE_RRAG_012_rep3;PXD012477;Non-Healthy
474;8,244994738;0,767139832;Intensity_1DLC122214QE_RRAG_038_rep4;PXD012477;Non-Healthy
475;-3,418572227;-1,786886102;Intensity_1DLC071515QE_RRAG_062B_rep4;PXD012477;Non-Healthy
476;-2,647399169;-0,994719248;Intensity_1DLC061715QE_RRAG_040B_rep4;PXD012477;Healthy
477;7,133727005;0,424650689;Intensity_1DLC123114QE_RRAG_054_rep1;PXD012477;Healthy
478;-3,331864358;-1,7810762;Intensity_1DLC062715QE_RRAG_046B_rep2;PXD012477;Non-Healthy
479;-3,008580929;-1,674333668;Intensity_1DLC062715QE_RRAG_044B_rep3;PXD012477;Non-Healthy
480;0,671034955;-0,144891204;Intensity_1DLC071515QE_RRAG_059B_rep3;PXD012477;Non-Healthy
481;-2,288188097;-0,388869889;Intensity_1DLC061715QE_RRAG_041B_rep2;PXD012477;Healthy
482;-2,677239831;-0,616460627;Intensity_1DLC062715QE_RRAG_043B_rep4;PXD012477;Non-Healthy
483;4,704775286;0,464871162;Intensity_1DLC120314QE_RRAG_008_rep1;PXD012477;Non-Healthy
484;-2,89255238;-0,584573714;Intensity_1DLC071515QE_RRAG_060B_rep1;PXD012477;Healthy
485;-2,567968649;-1,052118701;Intensity_1DLC060615QE_RRAG_030B_rep3;PXD012477;Non-Healthy
486;5,398898205;-0,780388278;Intensity_1DLC121514QE_RRAG_020_rep1;PXD012477;Non-Healthy
487;6,145610831;-0,527656104;Intensity_1DLC121914QE_RRAG_027_rep1;PXD012477;Non-Healthy
488;-2,844436799;-1,50027974;Intensity_1DLC062715QE_RRAG_045B_rep3;PXD012477;Non-Healthy
489;7,525746056;-1,288154209;Intensity_1DLC012615QE_RRAG_004B_rep1;PXD012477;Healthy
490;8,239427741;0,513557191;Intensity_1DLC012615QE_RRAG_012B_rep1;PXD012477;Non-Healthy
491;5,749738396;-0,47316414;Intensity_1DLC121414QE_RRAG_011_rep1;PXD012477;Healthy
492;6,683229274;-1,920067322;Intensity_1DLC012615QE_RRAG_016B_rep1;PXD012477;Non-Healthy
493;6,502886367;0,261674058;Intensity_1DLC012615QE_RRAG_009B_rep1;PXD012477;Non-Healthy
494;6,033611344;-0,61342914;Intensity_1DLC122214QE_RRAG_035_rep1;PXD012477;Non-Healthy
495;7,064514315;-0,025286885;Intensity_1DLC121914QE_RRAG_030_rep1;PXD012477;Non-Healthy
496;7,266135671;0,392298423;Intensity_1DLC122514QE_RRAG_049_rep1;PXD012477;Non-Healthy
497;-2,041246349;-0,377341187;Intensity_1DLC071015QE_RRAG_054B_rep2;PXD012477;Healthy
498;7,287832236;-0,908927055;Intensity_1DLC123114QE_RRAG_061_rep1;PXD012477;Healthy
499;6,828434922;-0,568144183;Intensity_1DLC122214QE_RRAG_039_rep3;PXD012477;Non-Healthy
500;3,776308811;-1,299520102;Intensity_1DLC121514QE_RRAG_023_rep1;PXD012477;Healthy
501;5,973875201;-0,38868701;Intensity_1DLC121514QE_RRAG_022_rep1;PXD012477;Non-Healthy
502;-3,175088373;-1,890967846;Intensity_1DLC052815QE_RRAG_024B_rep3;PXD012477;Healthy
503;-3,797361022;-0,712799871;Intensity_1DLC0080815QE_RRAG_002_rep1;PXD012477;Non-Healthy
504;7,000051018;0,410792829;Intensity_1DLC123114QE_RRAG_054_rep3;PXD012477;Healthy
505;8,030296564;2,198853358;Intensity_1DLC122514QE_RRAG_043_rep4;PXD012477;Non-Healthy
506;4,556632294;-0,793355672;Intensity_1DLC121514QE_RRAG_020_rep3;PXD012477;Non-Healthy
507;5,352582025;-1,161328805;Intensity_1DLC121914QE_RRAG_029_rep2;PXD012477;Healthy
508;5,411329569;-0,921870101;Intensity_1DLC121914QE_RRAG_029_rep3;PXD012477;Healthy
509;5,102356782;-1,144382593;Intensity_1DLC121914QE_RRAG_031_rep4;PXD012477;Non-Healthy
510;5,130394534;0,388714306;Intensity_1DLC120314QE_RRAG_002_rep1;PXD012477;Non-Healthy
511;-4,935122885;-0,952046833;Intensity_1DLC0080815QE_RRAG_003_rep1;PXD012477;Healthy
512;3,798765083;-1,442941312;Intensity_1DLC121514QE_RRAG_023_rep4;PXD012477;Healthy
513;-3,96638587;-1,07595688;Intensity_1DLC060615QE_RRAG_036B_rep1;PXD012477;Healthy
514;-2,894308995;-1,027510822;Intensity_1DLC060615QE_RRAG_032B_rep4;PXD012477;Healthy
515;5,941000917;-0,809569858;Intensity_1DLC012615QE_RRAG_005B_rep2;PXD012477;Healthy
516;6,596109056;0,821218492;Intensity_1DLC122514QE_RRAG_041_rep3;PXD012477;Healthy
517;-2,74804525;-1,496981827;Intensity_1DLC062715QE_RRAG_044B_rep2;PXD012477;Non-Healthy
518;6,262559436;-0,520193411;Intensity_1DLC122214QE_RRAG_035_rep2;PXD012477;Non-Healthy
519;7,054418016;0,526844266;Intensity_1DLC012615QE_RRAG_002B_rep2;PXD012477;Non-Healthy
520;5,339326785;-0,840697381;Intensity_1DLC122214QE_RRAG_035_rep3;PXD012477;Non-Healthy
521;4,284690918;-0,458860899;Intensity_1DLC120914QE_RRAG_010_rep1;PXD012477;Non-Healthy
522;4,587695237;1,512305432;Intensity_1DLC120314QE_RRAG_002_rep2;PXD012477;Non-Healthy
523;7,38050095;-1,058309086;Intensity_1DLC012615QE_RRAG_004B_rep2;PXD012477;Healthy
524;-4,720303118;-1,660580751;Intensity_1DLC0080815QE_RRAG_018_rep1;PXD012477;Non-Healthy
525;-4,157254454;-1,574631198;Intensity_1DLC060615QE_RRAG_033B_rep3;PXD012477;Healthy
526;6,412764724;-0,526974498;Intensity_1DLC121914QE_RRAG_027_rep2;PXD012477;Non-Healthy
527;-2,553312819;-0,383699665;Intensity_1DLC061715QE_RRAG_041B_rep1;PXD012477;Healthy
528;-0,634638598;-0,468730273;Intensity_1DLC071015QE_RRAG_053B_rep1;PXD012477;Non-Healthy
529;5,789166241;-0,34217891;Intensity_1DLC122514QE_RRAG_048_101314_rep1;PXD012477;Non-Healthy
530;6,745054364;-0,917726386;Intensity_1DLC122214QE_RRAG_036_rep4;PXD012477;Healthy
531;6,441880489;-0,711027956;Intensity_1DLC122214QE_RRAG_036_rep1;PXD012477;Healthy
532;-3,425620411;-0,34010974;Intensity_1DLC060615QE_RRAG_037B_rep3;PXD012477;Healthy
533;5,654791299;-0,771882648;Intensity_1DLC121514QE_RRAG_022_rep3;PXD012477;Non-Healthy
534;6,276592243;0,738307258;Intensity_1DLC122914QE_RRAG_055_rep3;PXD012477;Non-Healthy
535;7,785411751;-0,891656919;Intensity_1DLC012615QE_RRAG_006B_rep3;PXD012477;Healthy
536;-2,601900112;-0,705212652;Intensity_1DLC061715QE_RRAG_038B_rep4;PXD012477;Non-Healthy
537;8,470838827;1,332726497;Intensity_1DLC121414QE_RRAG_012_rep2;PXD012477;Non-Healthy
538;-3,7098508;-1,451410055;Intensity_1DLC051815QE_RRAG_018B_rep2;PXD012477;Non-Healthy
539;7,508100872;0,784255124;Intensity_1DLC012615QE_RRAG_007B_rep1;PXD012477;Non-Healthy
540;-6,491176713;8,848786738;Intensity_20180618_QX0_JaBa_SA_LC12_5_CSF1_1_8-1xD1xS1fM1R2_library_AD2_fraction01;PXD016278;AD
541;-4,942407999;10,1434293;Intensity_20180618_QX0_JaBa_SA_LC12_5_CSF1_1_8-1xD1xS1fM1R2_library_AD2_fraction02R2;PXD016278;AD
542;-3,136539774;11,07573564;Intensity_20180618_QX0_JaBa_SA_LC12_5_CSF1_1_8-1xD1xS1fM1R2_library_AD2_fraction03_R2;PXD016278;AD
543;-2,244718932;12,3234464;Intensity_20180618_QX0_JaBa_SA_LC12_5_CSF1_1_8-1xD1xS1fM1R2_library_AD2_fraction04_R2;PXD016278;AD
544;-4,614374143;10,24394782;Intensity_20180618_QX0_JaBa_SA_LC12_5_CSF1_1_8-1xD1xS1fM1R2_library_AD2_fraction05_R2;PXD016278;AD
545;-5,464939391;9,106648679;Intensity_20180618_QX0_JaBa_SA_LC12_5_CSF1_1_8-1xD1xS1fM1R2_library_AD2_fraction06_R2;PXD016278;AD
546;-2,954438825;10,89218927;Intensity_20180618_QX0_JaBa_SA_LC12_5_CSF1_1_8-1xD1xS1fM1R2_library_AD2_fraction07_R2;PXD016278;AD
547;-3,595128177;10,29259051;Intensity_20180618_QX0_JaBa_SA_LC12_5_CSF1_1_8-1xD1xS1fM1R2_library_AD2_fraction08_R2;PXD016278;AD
548;-2,83553093;11,76799068;Intensity_20180618_QX0_JaBa_SA_LC12_5_CSF1_1_8-1xD1xS1fM1R2_library_AD2_fraction09_R2;PXD016278;AD
549;-3,775856529;13,00034043;Intensity_20180618_QX0_JaBa_SA_LC12_5_CSF1_1_8-1xD1xS1fM1R2_library_AD2_fraction10_R2;PXD016278;AD
550;-4,141791011;10,47054408;Intensity_20180618_QX0_JaBa_SA_LC12_5_CSF1_1_8-1xD1xS1fM1R2_library_AD2_fraction11_180630160426;PXD016278;AD
551;-5,169364024;9,110630237;Intensity_20180618_QX0_JaBa_SA_LC12_5_CSF1_1_8-1xD1xS1fM1R2_library_AD2_fraction12;PXD016278;AD
552;-4,641820506;8,911112063;Intensity_20180618_QX0_JaBa_SA_LC12_5_CSF1_1_8-1xD1xS1fM1R2_library_AD2_fraction13;PXD016278;AD
553;-5,134583873;10,7327308;Intensity_20180618_QX0_JaBa_SA_LC12_5_CSF1_1_8-1xD1xS1fM1R2_library_AD2_fraction14;PXD016278;AD
554;-5,37372316;11,17575871;Intensity_20180618_QX0_JaBa_SA_LC12_5_CSF1_1_8-1xD1xS1fM1R2_library_AD2_fraction15;PXD016278;AD
555;-5,805130227;10,46842005;Intensity_20180618_QX0_JaBa_SA_LC12_5_CSF1_1_8-1xD1xS1fM1R2_library_AD2_fraction16;PXD016278;AD
556;-5,795753072;10,82181623;Intensity_20180618_QX0_JaBa_SA_LC12_5_CSF1_1_8-1xD1xS1fM1R2_library_AD2_fraction17;PXD016278;AD
557;-4,6033296;10,71576967;Intensity_20180618_QX0_JaBa_SA_LC12_5_CSF1_1_8-1xD1xS1fM1R2_library_AD2_fraction18;PXD016278;AD
558;-3,565138359;11,18543649;Intensity_20180618_QX0_JaBa_SA_LC12_5_CSF1_1_8-1xD1xS1fM1R2_library_AD2_fraction19;PXD016278;AD
559;-4,280117857;10,72114789;Intensity_20180618_QX0_JaBa_SA_LC12_5_CSF1_1_8-1xD1xS1fM1R2_library_AD2_fraction20;PXD016278;AD
560;-6,196807877;9,572341966;Intensity_20180618_QX0_JaBa_SA_LC12_5_CSF1_1_8-1xD1xS1fM1R2_library_AD2_fraction21;PXD016278;AD
561;-5,497994961;9,449890403;Intensity_20180618_QX0_JaBa_SA_LC12_5_CSF1_1_8-1xD1xS1fM1R2_library_AD2_fraction22;PXD016278;AD
562;-4,668989873;11,04502644;Intensity_20180618_QX0_JaBa_SA_LC12_5_CSF1_1_8-1xD1xS1fM1R2_library_AD2_fraction23;PXD016278;AD
563;-4,876972899;10,65149996;Intensity_20180618_QX0_JaBa_SA_LC12_5_CSF1_1_8-1xD1xS1fM1R2_library_AD2_fraction24;PXD016278;AD
564;-4,250548292;11,75143806;Intensity_20180618_QX0_JaBa_SA_LC12_5_CSF1_1_8-1xD1xS1fM1R2_library_ctrl2_fraction01;PXD016278;Control
565;-4,13665327;11,71965582;Intensity_20180618_QX0_JaBa_SA_LC12_5_CSF1_1_8-1xD1xS1fM1R2_library_ctrl2_fraction02R2;PXD016278;Control
566;-3,576849836;12,81611463;Intensity_20180618_QX0_JaBa_SA_LC12_5_CSF1_1_8-1xD1xS1fM1R2_library_ctrl2_fraction03;PXD016278;Control
567;-3,358754283;12,82010736;Intensity_20180618_QX0_JaBa_SA_LC12_5_CSF1_1_8-1xD1xS1fM1R2_library_ctrl2_fraction04;PXD016278;Control
568;-3,312391054;13,44809109;Intensity_20180618_QX0_JaBa_SA_LC12_5_CSF1_1_8-1xD1xS1fM1R2_library_ctrl2_fraction05;PXD016278;Control
569;-4,750527919;12,65207732;Intensity_20180618_QX0_JaBa_SA_LC12_5_CSF1_1_8-1xD1xS1fM1R2_library_ctrl2_fraction06;PXD016278;Control
570;-3,833387889;12,2739744;Intensity_20180618_QX0_JaBa_SA_LC12_5_CSF1_1_8-1xD1xS1fM1R2_library_ctrl2_fraction07;PXD016278;Control
571;-2,455262948;12,91184482;Intensity_20180618_QX0_JaBa_SA_LC12_5_CSF1_1_8-1xD1xS1fM1R2_library_ctrl2_fraction08;PXD016278;Control
572;-4,358329214;10,76659056;Intensity_20180618_QX0_JaBa_SA_LC12_5_CSF1_1_8-1xD1xS1fM1R2_library_ctrl2_fraction09;PXD016278;Control
573;-3,867295691;12,56418924;Intensity_20180618_QX0_JaBa_SA_LC12_5_CSF1_1_8-1xD1xS1fM1R2_library_ctrl2_fraction10;PXD016278;Control
574;-2,78635212;11,53999571;Intensity_20180618_QX0_JaBa_SA_LC12_5_CSF1_1_8-1xD1xS1fM1R2_library_ctrl2_fraction11;PXD016278;Control
575;-4,336318145;12,11937531;Intensity_20180618_QX0_JaBa_SA_LC12_5_CSF1_1_8-1xD1xS1fM1R2_library_ctrl2_fraction12;PXD016278;Control
576;-3,613142979;14,30841168;Intensity_20180618_QX0_JaBa_SA_LC12_5_CSF1_1_8-1xD1xS1fM1R2_library_ctrl2_fraction13;PXD016278;Control
577;-3,940947986;14,36607401;Intensity_20180618_QX0_JaBa_SA_LC12_5_CSF1_1_8-1xD1xS1fM1R2_library_ctrl2_fraction14;PXD016278;Control
578;-4,578784268;14,28993251;Intensity_20180618_QX0_JaBa_SA_LC12_5_CSF1_1_8-1xD1xS1fM1R2_library_ctrl2_fraction15;PXD016278;Control
579;-3,951604412;12,68614124;Intensity_20180618_QX0_JaBa_SA_LC12_5_CSF1_1_8-1xD1xS1fM1R2_library_ctrl2_fraction16;PXD016278;Control
580;-4,494827092;11,50030264;Intensity_20180618_QX0_JaBa_SA_LC12_5_CSF1_1_8-1xD1xS1fM1R2_library_ctrl2_fraction17;PXD016278;Control
581;-3,200006425;12,66961505;Intensity_20180618_QX0_JaBa_SA_LC12_5_CSF1_1_8-1xD1xS1fM1R2_library_ctrl2_fraction18;PXD016278;Control
582;-3,274148545;12,35132582;Intensity_20180618_QX0_JaBa_SA_LC12_5_CSF1_1_8-1xD1xS1fM1R2_library_ctrl2_fraction19;PXD016278;Control
583;-3,21485889;13,08227981;Intensity_20180618_QX0_JaBa_SA_LC12_5_CSF1_1_8-1xD1xS1fM1R2_library_ctrl2_fraction20;PXD016278;Control
584;-2,721299617;12,48061344;Intensity_20180618_QX0_JaBa_SA_LC12_5_CSF1_1_8-1xD1xS1fM1R2_library_ctrl2_fraction21;PXD016278;Control
585;-1,184321545;15,05235249;Intensity_20180618_QX0_JaBa_SA_LC12_5_CSF1_1_8-1xD1xS1fM1R2_library_ctrl2_fraction22;PXD016278;Control
586;-2,763001946;13,24572854;Intensity_20180618_QX0_JaBa_SA_LC12_5_CSF1_1_8-1xD1xS1fM1R2_library_ctrl2_fraction23;PXD016278;Control
587;-4,084903124;13,12504006;Intensity_20180618_QX0_JaBa_SA_LC12_5_CSF1_1_8-1xD1xS1fM1R2_library_ctrl2_fraction24;PXD016278;Control
588;-10,2373431;-1,096774129;Intensity_qe1_2019oct05_05_uc190822_dw35_1c;PXD018549;Control
589;-10,33225679;-0,558886363;Intensity_qe1_2019oct05_17_uc190822_dw35_4c;PXD018549;Control
590;-9,884603868;-1,326100661;Intensity_qe1_2019oct05_06_uc190822_dw35_1b;PXD018549;Control
591;-10,08501423;-1,490548406;Intensity_qe1_2019oct05_18_uc190822_dw35_4b;PXD018549;Control
592;-10,48452833;-1,230642407;Intensity_qe1_2019oct05_07_uc190822_dw35_1a;PXD018549;Control
593;-10,39158065;-1,190438575;Intensity_qe1_2019oct05_19_uc190822_dw35_4a;PXD018549;Control
594;-10,5998067;-1,360431665;Intensity_qe1_2019oct05_09_uc190822_dw35_2c;PXD018549;CPT
595;-10,18029029;-1,497777;Intensity_qe1_2019oct05_21_uc190822_dw35_5c;PXD018549;CPT
596;-9,825978261;-1,883644043;Intensity_qe1_2019oct05_10_uc190822_dw35_2b;PXD018549;CPT
597;-10,02904047;-1,424286694;Intensity_qe1_2019oct05_22_uc190822_dw35_5b;PXD018549;CPT
598;-10,60811153;-1,508543222;Intensity_qe1_2019oct05_11_uc190822_dw35_2a;PXD018549;CPT
599;-10,53428718;-1,246122625;Intensity_qe1_2019oct05_23_uc190822_dw35_5a;PXD018549;CPT
600;-8,309235127;3,429839177;Intensity_qe2_192801_P19-UCh_06_DW29_3_Top1_NoIodo;PXD018549;Top1_Noiodo
601;-10,50323594;-1,001056466;Intensity_qe1_2019oct05_13_uc190822_dw35_3c;PXD018549;TPT
602;-10,21339307;-1,563274267;Intensity_qe1_2019oct05_25_uc190822_dw35_6c;PXD018549;TPT
603;-9,887532854;-1,596104957;Intensity_qe1_2019oct05_14_uc190822_dw35_3b;PXD018549;TPT
604;-9,895540313;-1,818911005;Intensity_qe1_2019oct05_26_uc190822_dw35_6b;PXD018549;TPT
605;-10,29955009;-1,617647067;Intensity_qe1_2019oct05_15_uc190822_dw35_3a;PXD018549;TPT
606;-10,53047857;-1,411631801;Intensity_qe1_2019oct05_27_uc190822_dw35_6a;PXD018549;TPT
607;-8,163948187;-0,695055061;Intensity_2020-07-14_MS_PG_Proteome_Davide_Casserini_CTRL_01_20200717061234;PXD022545;Control
608;-7,820425898;-0,796350719;Intensity_2020-07-14_MS_PG_Proteome_Davide_Casserini_CTRL_02_20200717083719;PXD022545;Control
609;-8,18895355;-0,578161642;Intensity_2020-07-14_MS_PG_Proteome_Davide_Casserini_CTRL_03_20200717110239;PXD022545;Control
610;-7,907306869;-0,203009366;Intensity_2020-07-14_MS_PG_Proteome_Davide_Casserini_H2O2_01;PXD022545;H2O2
611;-8,128165932;-0,380378768;Intensity_2020-07-14_MS_PG_Proteome_Davide_Casserini_H2O2_02;PXD022545;H2O2
612;-8,041589085;-0,179104618;Intensity_2020-07-14_MS_PG_Proteome_Davide_Casserini_H2O2_03;PXD022545;H2O2
613;-11,41180358;-3,298390811;Intensity_EC06-HTkUVA-BA4-P1147-2;PXD008050;UVA
614;-11,4895195;-3,396768705;Intensity_EC06-HTkUVA-BA5-P1148-2;PXD008050;UVA
615;-11,66909577;-3,459265291;Intensity_EC06-HTkUVpapc-BB3-P1152-2;PXD008050;Uvpapc
616;-11,40457473;-3,284267991;Intensity_EC06-HTkUVA-BA6-P1149-2;PXD008050;UVA
617;-11,54120893;-3,385312481;Intensity_EC06-HTkCtrl-BA2-P1145-1;PXD008050;Control
618;-11,37204027;-3,397540549;Intensity_EC06-HTkUVA-BA4-P1147-1;PXD008050;UVA
619;-11,48319048;-3,403325939;Intensity_EC06-HTkCtrl-BA1-P1144-1;PXD008050;Control
620;-11,65622933;-3,556049352;Intensity_EC06-HTkUVpapc-BB3-P1152-1;PXD008050;UVpapc
621;-11,4390838;-3,252103921;Intensity_EC06-HTkUVA-BA5-P1148-1;PXD008050;UVA
622;-11,40301132;-3,328481319;Intensity_EC06-HTkUVA-BA6-P1149-1;PXD008050;UVA
623;-11,47365414;-3,370790671;Intensity_EC06-HTkCtrl-BA1-P1144-2;PXD008050;Control
624;-11,53816603;-3,26533978;Intensity_EC06-HTkCtrl-BA2-P1145-2;PXD008050;Control
625;-11,57060469;-3,287705236;Intensity_EC06-HTkUVpapc-BB1-P1150-1;PXD008050;UVpapc
626;-11,47583638;-3,374692743;Intensity_EC06-HTkUVpapc-BB1-P1150-2;PXD008050;UVpapc
627;-11,46681626;-3,259966501;Intensity_EC06-HTkUVpapc-BB2-P1151-2;PXD008050;UVpapc
628;-11,45882478;-3,306894843;Intensity_EC06-HTkCtrl-BA3-P1146-2;PXD008050;Control
629;-11,48640196;-3,381539984;Intensity_EC06-HTkUVpapc-BB2-P1151-1;PXD008050;UVpapc
630;-11,48972383;-3,355630544;Intensity_EC06-HTkCtrl-BA3-P1146-1;PXD008050;Control
631;-8,626184161;-0,913232961;Intensity_ad_pl01;PXD004010;AD
632;-8,158700832;0,240811143;Intensity_ad_pl08;PXD004010;AD
633;-8,249462941;0,101522011;Intensity_ad_pl09;PXD004010;AD
634;-8,509592878;0,015916783;Intensity_ad_pl10;PXD004010;AD
635;-8,111704793;-0,94976838;Intensity_ad_pl04;PXD004010;AD
636;-8,386028897;-0,484864475;Intensity_ad_pl02;PXD004010;AD
637;-8,496120398;0,111897705;Intensity_ad_pl05;PXD004010;AD
638;-9,247184229;-0,189712357;Intensity_ad_pl06;PXD004010;AD
639;-8,221998115;0,595339108;Intensity_ad_pl07;PXD004010;AD
640;-8,192676066;0,552988699;Intensity_ad_pl03;PXD004010;AD
